Graph name,Upper Bound,MSTreINegIn_tree_nr_0,MSTreINegIn_tree_nr_0,MSTreINegIn_tree_nr_0,MSTreINegIn_tree_nr_0,MSTreINegIn_tree_nr_0,MSTreINegIn_tree_nr_1,MSTreINegIn_tree_nr_1,MSTreINegIn_tree_nr_1,MSTreINegIn_tree_nr_1,MSTreINegIn_tree_nr_1,MSTreINegIn_tree_nr_2,MSTreINegIn_tree_nr_2,MSTreINegIn_tree_nr_2,MSTreINegIn_tree_nr_2,MSTreINegIn_tree_nr_2,MSTreINegIn_tree_nr_3,MSTreINegIn_tree_nr_3,MSTreINegIn_tree_nr_3,MSTreINegIn_tree_nr_3,MSTreINegIn_tree_nr_3,MSTreINegIn_tree_nr_4,MSTreINegIn_tree_nr_4,MSTreINegIn_tree_nr_4,MSTreINegIn_tree_nr_4,MSTreINegIn_tree_nr_4,MSTreINegIn_tree_nr_5,MSTreINegIn_tree_nr_5,MSTreINegIn_tree_nr_5,MSTreINegIn_tree_nr_5,MSTreINegIn_tree_nr_5,MSTreINegIn_tree_nr_6,MSTreINegIn_tree_nr_6,MSTreINegIn_tree_nr_6,MSTreINegIn_tree_nr_6,MSTreINegIn_tree_nr_6,MSTreINegIn_tree_nr_7,MSTreINegIn_tree_nr_7,MSTreINegIn_tree_nr_7,MSTreINegIn_tree_nr_7,MSTreINegIn_tree_nr_7,MSTreINegIn_tree_nr_8,MSTreINegIn_tree_nr_8,MSTreINegIn_tree_nr_8,MSTreINegIn_tree_nr_8,MSTreINegIn_tree_nr_8,MSTreINegIn_tree_nr_9,MSTreINegIn_tree_nr_9,MSTreINegIn_tree_nr_9,MSTreINegIn_tree_nr_9,MSTreINegIn_tree_nr_9,MSTreINegIn_tree_nr_10,MSTreINegIn_tree_nr_10,MSTreINegIn_tree_nr_10,MSTreINegIn_tree_nr_10,MSTreINegIn_tree_nr_10,MSTreINegIn_tree_nr_11,MSTreINegIn_tree_nr_11,MSTreINegIn_tree_nr_11,MSTreINegIn_tree_nr_11,MSTreINegIn_tree_nr_11,MSTreINegIn_tree_nr_12,MSTreINegIn_tree_nr_12,MSTreINegIn_tree_nr_12,MSTreINegIn_tree_nr_12,MSTreINegIn_tree_nr_12,MSTreINegIn_tree_nr_13,MSTreINegIn_tree_nr_13,MSTreINegIn_tree_nr_13,MSTreINegIn_tree_nr_13,MSTreINegIn_tree_nr_13,MSTreINegIn_tree_nr_14,MSTreINegIn_tree_nr_14,MSTreINegIn_tree_nr_14,MSTreINegIn_tree_nr_14,MSTreINegIn_tree_nr_14,MSTreINegIn_tree_nr_15,MSTreINegIn_tree_nr_15,MSTreINegIn_tree_nr_15,MSTreINegIn_tree_nr_15,MSTreINegIn_tree_nr_15,MSTreINegIn_tree_nr_16,MSTreINegIn_tree_nr_16,MSTreINegIn_tree_nr_16,MSTreINegIn_tree_nr_16,MSTreINegIn_tree_nr_16,MSTreINegIn_tree_nr_17,MSTreINegIn_tree_nr_17,MSTreINegIn_tree_nr_17,MSTreINegIn_tree_nr_17,MSTreINegIn_tree_nr_17,MSTreINegIn_tree_nr_18,MSTreINegIn_tree_nr_18,MSTreINegIn_tree_nr_18,MSTreINegIn_tree_nr_18,MSTreINegIn_tree_nr_18,MSTreINegIn_tree_nr_19,MSTreINegIn_tree_nr_19,MSTreINegIn_tree_nr_19,MSTreINegIn_tree_nr_19,MSTreINegIn_tree_nr_19,MSTreINiTLd_tree_nr_0,MSTreINiTLd_tree_nr_0,MSTreINiTLd_tree_nr_0,MSTreINiTLd_tree_nr_0,MSTreINiTLd_tree_nr_0,MSTreINiTLd_tree_nr_1,MSTreINiTLd_tree_nr_1,MSTreINiTLd_tree_nr_1,MSTreINiTLd_tree_nr_1,MSTreINiTLd_tree_nr_1,MSTreINiTLd_tree_nr_2,MSTreINiTLd_tree_nr_2,MSTreINiTLd_tree_nr_2,MSTreINiTLd_tree_nr_2,MSTreINiTLd_tree_nr_2,MSTreINiTLd_tree_nr_3,MSTreINiTLd_tree_nr_3,MSTreINiTLd_tree_nr_3,MSTreINiTLd_tree_nr_3,MSTreINiTLd_tree_nr_3,MSTreINiTLd_tree_nr_4,MSTreINiTLd_tree_nr_4,MSTreINiTLd_tree_nr_4,MSTreINiTLd_tree_nr_4,MSTreINiTLd_tree_nr_4,MSTreINiTLd_tree_nr_5,MSTreINiTLd_tree_nr_5,MSTreINiTLd_tree_nr_5,MSTreINiTLd_tree_nr_5,MSTreINiTLd_tree_nr_5,MSTreINiTLd_tree_nr_6,MSTreINiTLd_tree_nr_6,MSTreINiTLd_tree_nr_6,MSTreINiTLd_tree_nr_6,MSTreINiTLd_tree_nr_6,MSTreINiTLd_tree_nr_7,MSTreINiTLd_tree_nr_7,MSTreINiTLd_tree_nr_7,MSTreINiTLd_tree_nr_7,MSTreINiTLd_tree_nr_7,MSTreINiTLd_tree_nr_8,MSTreINiTLd_tree_nr_8,MSTreINiTLd_tree_nr_8,MSTreINiTLd_tree_nr_8,MSTreINiTLd_tree_nr_8,MSTreINiTLd_tree_nr_9,MSTreINiTLd_tree_nr_9,MSTreINiTLd_tree_nr_9,MSTreINiTLd_tree_nr_9,MSTreINiTLd_tree_nr_9,MSTreINiTLd_tree_nr_10,MSTreINiTLd_tree_nr_10,MSTreINiTLd_tree_nr_10,MSTreINiTLd_tree_nr_10,MSTreINiTLd_tree_nr_10,MSTreINiTLd_tree_nr_11,MSTreINiTLd_tree_nr_11,MSTreINiTLd_tree_nr_11,MSTreINiTLd_tree_nr_11,MSTreINiTLd_tree_nr_11,MSTreINiTLd_tree_nr_12,MSTreINiTLd_tree_nr_12,MSTreINiTLd_tree_nr_12,MSTreINiTLd_tree_nr_12,MSTreINiTLd_tree_nr_12,MSTreINiTLd_tree_nr_13,MSTreINiTLd_tree_nr_13,MSTreINiTLd_tree_nr_13,MSTreINiTLd_tree_nr_13,MSTreINiTLd_tree_nr_13,MSTreINiTLd_tree_nr_14,MSTreINiTLd_tree_nr_14,MSTreINiTLd_tree_nr_14,MSTreINiTLd_tree_nr_14,MSTreINiTLd_tree_nr_14,MSTreINiTLd_tree_nr_15,MSTreINiTLd_tree_nr_15,MSTreINiTLd_tree_nr_15,MSTreINiTLd_tree_nr_15,MSTreINiTLd_tree_nr_15,MSTreINiTLd_tree_nr_16,MSTreINiTLd_tree_nr_16,MSTreINiTLd_tree_nr_16,MSTreINiTLd_tree_nr_16,MSTreINiTLd_tree_nr_16,MSTreINiTLd_tree_nr_17,MSTreINiTLd_tree_nr_17,MSTreINiTLd_tree_nr_17,MSTreINiTLd_tree_nr_17,MSTreINiTLd_tree_nr_17,MSTreINiTLd_tree_nr_18,MSTreINiTLd_tree_nr_18,MSTreINiTLd_tree_nr_18,MSTreINiTLd_tree_nr_18,MSTreINiTLd_tree_nr_18,MSTreINiTLd_tree_nr_19,MSTreINiTLd_tree_nr_19,MSTreINiTLd_tree_nr_19,MSTreINiTLd_tree_nr_19,MSTreINiTLd_tree_nr_19,FilWhINegIn_tree_nr_0,FilWhINegIn_tree_nr_0,FilWhINegIn_tree_nr_0,FilWhINegIn_tree_nr_0,FilWhINegIn_tree_nr_0,FilWhINegIn_tree_nr_1,FilWhINegIn_tree_nr_1,FilWhINegIn_tree_nr_1,FilWhINegIn_tree_nr_1,FilWhINegIn_tree_nr_1,FilWhINegIn_tree_nr_2,FilWhINegIn_tree_nr_2,FilWhINegIn_tree_nr_2,FilWhINegIn_tree_nr_2,FilWhINegIn_tree_nr_2,FilWhINegIn_tree_nr_3,FilWhINegIn_tree_nr_3,FilWhINegIn_tree_nr_3,FilWhINegIn_tree_nr_3,FilWhINegIn_tree_nr_3,FilWhINegIn_tree_nr_4,FilWhINegIn_tree_nr_4,FilWhINegIn_tree_nr_4,FilWhINegIn_tree_nr_4,FilWhINegIn_tree_nr_4,FilWhINegIn_tree_nr_5,FilWhINegIn_tree_nr_5,FilWhINegIn_tree_nr_5,FilWhINegIn_tree_nr_5,FilWhINegIn_tree_nr_5,FilWhINegIn_tree_nr_6,FilWhINegIn_tree_nr_6,FilWhINegIn_tree_nr_6,FilWhINegIn_tree_nr_6,FilWhINegIn_tree_nr_6,FilWhINegIn_tree_nr_7,FilWhINegIn_tree_nr_7,FilWhINegIn_tree_nr_7,FilWhINegIn_tree_nr_7,FilWhINegIn_tree_nr_7,FilWhINegIn_tree_nr_8,FilWhINegIn_tree_nr_8,FilWhINegIn_tree_nr_8,FilWhINegIn_tree_nr_8,FilWhINegIn_tree_nr_8,FilWhINegIn_tree_nr_9,FilWhINegIn_tree_nr_9,FilWhINegIn_tree_nr_9,FilWhINegIn_tree_nr_9,FilWhINegIn_tree_nr_9,FilWhINegIn_tree_nr_10,FilWhINegIn_tree_nr_10,FilWhINegIn_tree_nr_10,FilWhINegIn_tree_nr_10,FilWhINegIn_tree_nr_10,FilWhINegIn_tree_nr_11,FilWhINegIn_tree_nr_11,FilWhINegIn_tree_nr_11,FilWhINegIn_tree_nr_11,FilWhINegIn_tree_nr_11,FilWhINegIn_tree_nr_12,FilWhINegIn_tree_nr_12,FilWhINegIn_tree_nr_12,FilWhINegIn_tree_nr_12,FilWhINegIn_tree_nr_12,FilWhINegIn_tree_nr_13,FilWhINegIn_tree_nr_13,FilWhINegIn_tree_nr_13,FilWhINegIn_tree_nr_13,FilWhINegIn_tree_nr_13,FilWhINegIn_tree_nr_14,FilWhINegIn_tree_nr_14,FilWhINegIn_tree_nr_14,FilWhINegIn_tree_nr_14,FilWhINegIn_tree_nr_14,FilWhINegIn_tree_nr_15,FilWhINegIn_tree_nr_15,FilWhINegIn_tree_nr_15,FilWhINegIn_tree_nr_15,FilWhINegIn_tree_nr_15,FilWhINegIn_tree_nr_16,FilWhINegIn_tree_nr_16,FilWhINegIn_tree_nr_16,FilWhINegIn_tree_nr_16,FilWhINegIn_tree_nr_16,FilWhINegIn_tree_nr_17,FilWhINegIn_tree_nr_17,FilWhINegIn_tree_nr_17,FilWhINegIn_tree_nr_17,FilWhINegIn_tree_nr_17,FilWhINegIn_tree_nr_18,FilWhINegIn_tree_nr_18,FilWhINegIn_tree_nr_18,FilWhINegIn_tree_nr_18,FilWhINegIn_tree_nr_18,FilWhINegIn_tree_nr_19,FilWhINegIn_tree_nr_19,FilWhINegIn_tree_nr_19,FilWhINegIn_tree_nr_19,FilWhINegIn_tree_nr_19,FilWhINiTLd_tree_nr_0,FilWhINiTLd_tree_nr_0,FilWhINiTLd_tree_nr_0,FilWhINiTLd_tree_nr_0,FilWhINiTLd_tree_nr_0,FilWhINiTLd_tree_nr_1,FilWhINiTLd_tree_nr_1,FilWhINiTLd_tree_nr_1,FilWhINiTLd_tree_nr_1,FilWhINiTLd_tree_nr_1,FilWhINiTLd_tree_nr_2,FilWhINiTLd_tree_nr_2,FilWhINiTLd_tree_nr_2,FilWhINiTLd_tree_nr_2,FilWhINiTLd_tree_nr_2,FilWhINiTLd_tree_nr_3,FilWhINiTLd_tree_nr_3,FilWhINiTLd_tree_nr_3,FilWhINiTLd_tree_nr_3,FilWhINiTLd_tree_nr_3,FilWhINiTLd_tree_nr_4,FilWhINiTLd_tree_nr_4,FilWhINiTLd_tree_nr_4,FilWhINiTLd_tree_nr_4,FilWhINiTLd_tree_nr_4,FilWhINiTLd_tree_nr_5,FilWhINiTLd_tree_nr_5,FilWhINiTLd_tree_nr_5,FilWhINiTLd_tree_nr_5,FilWhINiTLd_tree_nr_5,FilWhINiTLd_tree_nr_6,FilWhINiTLd_tree_nr_6,FilWhINiTLd_tree_nr_6,FilWhINiTLd_tree_nr_6,FilWhINiTLd_tree_nr_6,FilWhINiTLd_tree_nr_7,FilWhINiTLd_tree_nr_7,FilWhINiTLd_tree_nr_7,FilWhINiTLd_tree_nr_7,FilWhINiTLd_tree_nr_7,FilWhINiTLd_tree_nr_8,FilWhINiTLd_tree_nr_8,FilWhINiTLd_tree_nr_8,FilWhINiTLd_tree_nr_8,FilWhINiTLd_tree_nr_8,FilWhINiTLd_tree_nr_9,FilWhINiTLd_tree_nr_9,FilWhINiTLd_tree_nr_9,FilWhINiTLd_tree_nr_9,FilWhINiTLd_tree_nr_9,FilWhINiTLd_tree_nr_10,FilWhINiTLd_tree_nr_10,FilWhINiTLd_tree_nr_10,FilWhINiTLd_tree_nr_10,FilWhINiTLd_tree_nr_10,FilWhINiTLd_tree_nr_11,FilWhINiTLd_tree_nr_11,FilWhINiTLd_tree_nr_11,FilWhINiTLd_tree_nr_11,FilWhINiTLd_tree_nr_11,FilWhINiTLd_tree_nr_12,FilWhINiTLd_tree_nr_12,FilWhINiTLd_tree_nr_12,FilWhINiTLd_tree_nr_12,FilWhINiTLd_tree_nr_12,FilWhINiTLd_tree_nr_13,FilWhINiTLd_tree_nr_13,FilWhINiTLd_tree_nr_13,FilWhINiTLd_tree_nr_13,FilWhINiTLd_tree_nr_13,FilWhINiTLd_tree_nr_14,FilWhINiTLd_tree_nr_14,FilWhINiTLd_tree_nr_14,FilWhINiTLd_tree_nr_14,FilWhINiTLd_tree_nr_14,FilWhINiTLd_tree_nr_15,FilWhINiTLd_tree_nr_15,FilWhINiTLd_tree_nr_15,FilWhINiTLd_tree_nr_15,FilWhINiTLd_tree_nr_15,FilWhINiTLd_tree_nr_16,FilWhINiTLd_tree_nr_16,FilWhINiTLd_tree_nr_16,FilWhINiTLd_tree_nr_16,FilWhINiTLd_tree_nr_16,FilWhINiTLd_tree_nr_17,FilWhINiTLd_tree_nr_17,FilWhINiTLd_tree_nr_17,FilWhINiTLd_tree_nr_17,FilWhINiTLd_tree_nr_17,FilWhINiTLd_tree_nr_18,FilWhINiTLd_tree_nr_18,FilWhINiTLd_tree_nr_18,FilWhINiTLd_tree_nr_18,FilWhINiTLd_tree_nr_18,FilWhINiTLd_tree_nr_19,FilWhINiTLd_tree_nr_19,FilWhINiTLd_tree_nr_19,FilWhINiTLd_tree_nr_19,FilWhINiTLd_tree_nr_19
(50;5;30),5,1,17,1,1,1,1,13,1,1,1,1,1,1,1,1,1,1,1,1,1,1,1,5,1,1,1,1,1,50,1,1,1,1,1,32,1,1,1,1,1,1,1,1,1,1,1,58,1,1,1,1,1,1,1,1,1,27,1,1,1,1,1,1,1,1,1,1,1,1,1,1,1,1,1,1,1,1,1,1,1,1,1,1,25,1,1,1,1,1,1,1,1,1,1,1,2,66,2,62,2,2,2,2,2,34,2,6,2,2,2,2,2,2,2,2,28,3,3,59,3,2,2,2,29,66,2,59,2,58,2,2,81,2,2,2,76,2,2,2,24,18,2,47,2,50,3,3,23,3,3,2,2,2,2,2,2,2,2,2,2,3,3,3,3,91,2,2,2,2,2,3,2,2,2,2,3,2,2,71,3,2,2,2,38,2,2,2,2,2,2,2,2,62,2,2,3,3,3,15,3,451,289,368,357,334,279,346,373,389,536,275,307,468,306,350,606,681,642,677,716,692,588,657,636,532,355,353,385,345,374,440,465,494,382,387,520,371,387,394,379,464,294,496,468,429,475,476,476,620,596,364,459,423,370,432,373,351,428,426,409,446,370,434,369,466,382,153,314,318,174,340,325,267,340,320,422,427,391,426,508,270,193,202,218,190,300,207,226,230,232,314,344,308,298,303,629,620,617,560,605,1093,939,1164,1066,1080,1373,1400,1343,1237,1467,1012,1066,1011,949,899,1437,1533,1578,1645,1611,1559,1427,1473,1440,1755,962,991,1013,1031,1008,1179,1171,1166,1236,1171,1179,1123,1022,1086,1210,1130,1221,1182,1118,1138,1443,1657,1495,1724,1642,1103,1037,1145,1143,994,1040,1046,926,1051,1012,1066,1300,1180,1297,1162,877,877,1018,838,703,746,835,905,749,725,1145,1121,1248,1146,1312,638,555,617,650,590,683,555,806,591,659,904,913,912,829,911,1529,1739,1729,1353,1531
(50;5;40),5,5,1,1,1,1,1,1,1,1,1,1,1,1,1,33,1,1,1,1,1,1,1,1,1,1,1,1,1,1,1,1,1,33,1,1,1,1,1,1,1,1,1,1,1,1,1,1,1,1,1,2,1,1,1,1,1,1,1,1,1,1,1,1,1,1,1,1,1,1,1,1,1,1,1,1,1,1,1,1,1,1,1,1,1,1,1,1,1,1,1,1,1,1,1,1,1,1,1,1,1,1,13,2,2,2,2,2,2,2,38,2,2,2,162,2,1,1,1,1,2,2,10,2,8,2,1,2,2,2,1,34,2,2,2,2,2,2,2,14,2,1,1,1,1,70,1,1,1,1,1,2,2,2,2,2,1,1,1,1,1,2,2,4,2,2,1,1,1,1,1,2,2,2,2,2,1,1,1,1,1,2,2,1,1,1,1,2,1,1,1,2,2,2,2,2,2,2,1,2,2,311,226,202,191,191,339,536,495,532,437,453,456,432,461,298,257,125,250,269,112,273,164,220,191,288,201,256,264,260,396,437,417,397,296,413,270,246,211,10,289,188,257,204,255,241,136,254,248,198,244,282,338,342,361,357,131,115,140,56,272,372,328,360,369,362,227,139,236,151,7,339,333,329,324,357,81,116,121,93,125,75,23,176,120,168,131,170,106,168,110,259,274,291,213,195,210,204,182,206,181,978,819,990,758,887,1320,1333,1430,1303,1588,1240,1118,1034,1097,1139,714,793,818,852,725,1072,1073,879,1112,1056,640,637,732,708,654,927,1040,973,972,965,770,764,700,764,719,688,604,622,619,608,616,586,495,495,588,1045,1056,1044,991,1034,526,548,516,520,484,945,890,906,1054,886,504,458,446,556,446,920,840,803,769,877,278,330,353,359,370,454,453,532,394,549,428,359,352,335,319,635,697,696,699,720,597,494,558,594,550
(50;5;50),5,1,1,1,1,1,1,1,1,1,1,1,1,1,9,1,1,34,1,1,1,1,1,1,1,1,1,1,1,1,1,1,1,1,13,1,1,13,12,1,1,1,1,1,52,1,1,1,1,1,1,1,1,1,1,1,1,1,1,1,1,1,1,1,1,1,1,1,1,1,1,1,1,1,1,1,1,1,1,1,1,1,1,1,1,1,1,1,1,1,1,1,1,1,1,1,1,1,1,1,1,4,1,6,1,5,1,1,21,1,1,1,1,1,1,9,50,1,1,1,29,62,1,1,1,1,2,2,2,2,2,1,1,1,1,1,1,1,1,1,1,1,1,1,1,4,13,1,1,1,1,1,1,1,1,1,1,1,1,1,1,30,1,1,1,1,1,1,1,1,1,1,1,1,1,14,1,49,1,1,1,1,1,1,1,1,1,1,1,1,1,2,2,2,1,2,1,1,1,1,1,118,30,29,201,158,181,149,130,164,158,243,170,179,373,131,177,267,340,171,135,214,155,138,138,135,269,9,301,217,226,7,143,163,142,115,184,78,132,32,181,229,205,195,224,123,278,240,283,257,201,138,6,154,96,94,200,186,116,119,179,119,134,119,129,127,5,5,130,141,141,250,237,234,270,236,91,58,7,126,26,107,8,35,111,58,6,174,105,98,7,106,291,320,328,241,228,187,176,111,139,595,620,422,483,603,493,338,547,398,508,774,581,607,609,613,672,694,756,646,622,494,323,497,541,433,652,675,625,764,895,501,488,480,424,486,275,280,319,262,394,523,494,511,496,394,625,578,668,605,621,358,366,410,350,451,493,472,489,479,474,478,482,446,472,504,350,401,366,407,327,684,650,681,611,579,308,436,461,412,280,395,580,385,279,383,375,423,383,424,348,643,610,702,626,607,406,521,516,533,540
(100;5;30),5,6,18,16,18,5,157,156,154,6,186,112,109,106,97,121,109,121,101,5,98,109,125,106,93,109,89,112,112,101,86,100,93,90,101,116,129,141,117,123,5,116,111,5,105,93,97,96,91,89,101,85,100,80,96,92,101,89,85,95,85,91,85,85,133,82,89,93,77,75,109,76,84,4,80,88,6,61,81,85,101,89,81,78,77,89,73,77,68,60,76,81,86,74,85,62,97,100,101,93,91,13,90,33,36,21,203,289,242,243,237,131,224,228,115,220,209,204,173,213,139,117,200,196,197,192,171,165,192,162,181,185,153,136,184,173,201,177,199,261,107,216,200,211,170,206,184,176,96,97,184,83,87,103,80,82,162,165,112,163,93,176,172,192,168,160,153,173,178,153,75,87,87,86,103,83,197,70,195,162,130,79,113,91,79,78,69,128,83,91,71,151,198,216,161,155,91,167,138,157,161,4463,4969,4740,4817,4661,3289,3103,3049,3195,3401,1911,1985,2015,1939,1954,2978,2984,2749,2847,3168,2309,2125,2123,2131,2227,2202,2086,2177,2142,2260,2672,2407,2694,2505,2709,2760,2555,2728,2731,2538,2338,2247,2258,2315,2500,2400,2078,2325,2468,2356,1358,1460,1425,1367,1438,2024,2088,2311,2245,2027,2030,2061,1954,2059,2166,2638,2772,2558,2656,2745,1230,1228,1300,1186,1178,2380,2278,2282,2264,2255,1327,1225,1355,1327,1418,1306,1258,1368,1348,1362,2636,2661,3018,2740,2667,2583,2417,2468,2410,2350,10459,10787,11135,11207,10771,8347,8198,8651,7912,7931,5505,5357,5492,5678,5452,7898,8701,8376,8781,8035,5408,5135,5512,5825,5543,6492,6017,6105,6191,6269,6281,7176,6930,6917,7181,7478,7521,7296,7108,7307,6589,6250,5649,5619,6141,6105,5888,6004,6671,6322,3426,3460,3524,3503,3984,6138,5816,5756,5221,5447,5668,5548,6023,5608,5766,7591,7330,7222,7189,7177,3458,3364,2980,3206,2966,5811,6231,5851,6156,6466,3777,3468,3218,3756,3968,3627,3650,3615,3730,3826,8277,7598,7267,7785,7467,6506,7012,6366,6291,6608
(100;5;40),5,160,158,161,4,4,144,140,128,124,124,148,132,133,139,132,4,125,92,120,120,108,136,96,106,104,132,136,116,109,132,96,94,104,89,70,3,28,12,18,8,100,96,100,93,96,93,88,96,88,96,112,127,109,124,115,92,89,98,84,88,96,91,111,96,87,38,64,85,100,80,72,72,77,92,88,98,104,77,101,74,88,93,92,47,90,84,100,88,92,81,107,5,103,4,87,96,94,93,89,96,216,171,195,187,156,123,142,121,127,6,122,138,121,126,126,231,208,200,204,123,164,162,90,161,90,184,115,111,103,96,145,123,115,95,183,17,18,10,14,98,102,100,98,99,93,192,152,225,200,196,103,118,110,102,126,84,90,82,83,81,139,82,106,86,83,99,87,95,87,98,78,86,124,128,87,79,134,91,79,91,86,6,102,88,7,87,87,156,148,71,102,86,94,82,159,91,83,94,95,90,3528,3184,3129,3235,3242,1986,2012,2245,2078,1948,1498,1596,1579,1463,1657,2334,2326,2465,2374,2325,1253,1039,1125,1243,1127,2116,1916,1905,2010,1759,1825,1803,1762,1749,1947,1336,1294,1249,1260,1109,1097,1014,1028,1313,1425,1914,1817,1920,1838,1839,1824,1747,1703,1612,1593,1637,1600,1826,1645,1564,1271,1418,1306,1286,1376,1271,1408,1429,1483,1437,1418,920,1326,1307,1343,1689,1708,1661,1559,1509,1398,1343,1378,1326,1343,1611,1561,1557,1672,1479,1240,1178,1222,1276,1243,1439,1423,1513,1596,1411,8000,8649,8116,8428,8450,6644,5915,5755,6293,5912,3538,3872,3838,4152,3745,6409,5780,6261,6111,6558,2987,3365,3369,3429,3085,5577,5714,5650,5235,5670,4540,4260,4382,5099,4294,3637,3227,3143,3987,3539,3280,3103,3052,3371,3365,5090,5087,4665,5471,5042,4179,4550,4124,3922,4048,4763,4680,4503,4450,4596,3689,3584,3764,3628,3745,3968,4011,4016,4161,4099,3738,3897,3969,3571,3631,3951,4024,4123,4260,4041,3108,3263,3331,3437,3747,4680,4622,4741,4785,4821,3130,3542,3552,3095,3398,3855,4038,3817,3928,3891
(100;5;50),5,3,3,3,3,3,3,3,3,3,3,3,3,3,3,3,3,55,3,31,54,118,96,112,59,108,3,3,3,3,3,3,3,3,3,3,3,3,88,83,3,3,3,3,3,3,123,127,115,112,111,106,100,103,92,96,3,3,3,3,3,88,81,35,4,76,3,4,3,91,3,116,112,4,124,88,97,93,84,80,3,3,3,3,103,3,88,100,84,84,84,3,3,3,3,3,3,3,3,3,3,82,5,45,29,168,90,121,137,213,5,117,5,5,129,133,147,109,118,112,113,202,106,132,103,134,117,97,101,93,94,109,89,17,105,29,100,94,93,89,91,6,25,9,17,21,165,118,106,109,106,110,101,90,94,94,104,36,79,84,88,106,150,90,94,94,91,81,85,89,101,156,6,130,106,82,78,86,77,84,93,109,107,105,102,100,95,90,90,90,83,89,97,89,101,86,89,86,74,69,5,1934,1944,2058,1980,2051,1646,1672,1482,1595,1372,1327,1354,1422,1380,1451,1013,1003,1002,1078,992,1523,1613,1448,1571,1474,1105,1093,1076,1145,1131,1268,1330,1182,1351,1187,1284,1286,1277,1189,1365,1109,1059,1107,1086,1110,1788,1829,1666,1792,1826,1532,1452,1465,1530,1602,749,800,776,689,665,1351,1416,1315,1269,1442,934,936,926,1041,964,1503,1680,1704,1608,1810,1207,1420,1396,1355,1457,1056,1099,1153,1018,1002,1370,1295,1343,1297,1350,1059,1120,1043,1173,970,779,776,862,748,872,5909,5329,5879,5957,5657,4019,4017,3645,3785,4110,4456,3598,4008,4016,3698,2535,2806,2780,2636,2698,4479,4358,4302,4282,4139,3010,2791,2835,2753,2926,3061,3513,3446,3236,3215,3039,2995,3340,3378,3233,2883,2682,2953,3014,2911,4660,4658,4490,4706,4693,3642,3787,3860,3947,4063,1930,1779,1867,2029,1765,3702,3688,3785,3424,3995,2721,2339,2741,2887,2808,4135,3810,4527,3965,4163,3664,3647,3857,3471,3406,2625,2428,2832,2627,2593,3905,4110,3875,3778,4216,2563,2852,2798,2925,2810,2524,2324,2416,2436,2337
(200;5;30),5,338,664,637,529,561,409,452,371,375,359,365,322,349,325,239,357,265,269,189,362,245,312,301,292,292,277,249,277,309,274,328,322,314,334,308,289,258,261,274,243,280,263,239,256,250,251,243,247,284,300,242,273,276,274,250,246,241,204,253,230,230,237,226,254,224,290,250,308,266,230,231,242,181,237,249,251,247,236,231,236,177,237,237,214,257,252,240,216,237,248,215,260,268,256,252,208,216,248,205,235,627,428,689,687,591,757,751,745,749,706,560,515,503,479,512,399,495,473,454,451,377,410,482,446,450,444,472,458,469,407,525,525,538,509,449,493,491,481,485,435,384,385,416,412,436,465,487,514,442,509,478,407,478,512,469,427,399,433,385,436,389,389,382,382,401,409,464,402,402,434,393,393,414,433,421,448,431,476,444,473,347,331,343,412,408,383,373,369,372,278,434,423,415,446,421,315,305,341,343,343,17441,17492,17980,17528,17774,17764,16841,17509,17581,16726,10032,10291,10771,11092,10241,9786,10630,10515,10231,9988,9095,9108,9236,8944,9284,9092,8964,8813,8571,8566,11751,11589,11982,11987,11920,9709,8863,9566,9421,9257,7384,8276,8234,8148,8132,11278,9836,11781,11889,11844,10098,9794,9607,8972,10019,8158,8178,8523,8255,7901,8386,8841,8654,8586,8611,10157,9658,10104,10042,10008,7730,8271,7912,3196,7719,10325,9614,9696,10008,9827,8274,7423,7951,7651,7774,5973,6654,5994,5854,6681,10839,10387,10777,11329,11107,7086,7363,7226,6877,6357,45647,46459,44001,45870,45306,46009,45635,49581,47361,49204,27813,30430,30784,28752,25343,26941,30649,29201,28277,28595,24295,24735,25793,24757,24160,30194,32013,30924,27734,26943,34306,35814,34484,34531,35533,24639,25214,25439,26645,26814,21127,21602,20821,19891,21374,38286,38598,36915,38011,37011,27329,27929,27489,28226,25543,24430,26131,24977,25490,22740,24598,24007,25143,23041,26041,26289,28050,27643,26927,27242,22664,22731,23007,21529,22606,29429,29275,30059,28855,29339,21564,22827,23090,21187,22461,16327,18504,14551,15506,16819,31451,29237,31726,31240,30490,20022,20123,20942,20090,19636
(200;5;40),5,342,402,277,258,306,338,378,380,362,333,286,240,273,283,286,317,214,301,358,294,301,333,313,302,299,210,222,210,210,190,253,250,264,257,252,218,218,242,191,222,242,239,217,214,209,191,284,272,247,288,199,216,256,163,195,194,179,182,175,203,216,198,167,217,237,198,206,206,199,205,194,190,215,199,221,210,183,203,179,211,105,177,189,162,177,233,237,232,218,224,130,190,178,197,182,179,151,171,206,179,452,520,452,568,340,613,507,495,562,502,485,483,480,477,469,505,447,477,504,508,605,574,572,506,566,341,328,322,343,365,315,373,398,428,385,326,353,368,396,354,356,352,214,310,324,452,464,429,425,366,397,384,404,367,408,347,375,386,364,377,345,321,366,287,313,350,325,318,330,330,326,319,339,338,334,323,303,341,392,335,306,301,315,304,296,333,378,346,356,338,297,301,285,294,302,292,318,318,283,295,11627,12100,11730,12095,11915,9443,9628,9508,9238,9303,8559,8135,8669,8840,8307,8449,9463,9322,8510,8702,13906,13448,13587,13959,13751,7086,7261,7330,7514,6987,8246,8611,8399,8570,9034,7191,6875,6607,7285,7029,6595,6619,6259,6800,6814,7512,8071,7644,7739,8003,8056,7855,7684,7980,7959,6538,6478,6283,6289,6083,5534,5544,5538,5444,5396,6533,6547,6486,6571,6579,7184,6365,7455,6737,7585,6847,6638,6746,6660,6740,4748,4905,4573,4931,5049,8235,8101,8304,7749,8086,5998,6152,5832,5956,6154,6956,6629,6485,7050,6670,28686,29672,32169,28514,28718,25354,29102,25319,27035,28384,24373,25948,23570,24443,22938,22778,23598,23713,24076,23401,42931,43465,41346,44053,41100,18522,17330,19172,19155,19562,23870,23225,24631,24053,25244,21470,21892,20637,19971,20200,17748,18026,17620,18486,19649,21971,25008,21841,23247,24620,22424,24276,23954,22583,23099,18264,19476,17739,18463,19520,14748,14571,15596,14130,14664,17407,18378,16178,18840,18064,20646,20900,21368,20919,20774,19856,20248,19766,19949,19971,14353,13362,14731,14434,14084,24413,23440,25293,25066,25010,16415,17397,16443,14805,15144,18519,19720,18754,17799,18484
(200;5;50),5,371,267,255,323,336,365,301,341,343,338,268,252,196,264,321,133,217,256,210,92,233,187,167,175,203,241,239,264,228,260,273,284,268,265,188,170,86,185,170,166,171,159,156,232,159,155,139,155,188,155,204,204,128,147,205,209,198,201,213,198,171,159,159,220,228,99,179,232,194,224,265,260,177,241,244,177,237,253,205,227,248,171,224,163,139,115,176,131,120,156,176,180,189,172,176,248,220,244,219,214,624,545,665,534,521,459,462,540,528,532,333,349,356,369,321,367,263,291,315,246,251,251,282,255,262,309,237,347,230,317,328,384,322,354,375,238,237,216,241,245,320,247,267,282,324,230,293,296,300,292,257,266,262,257,266,234,202,263,262,309,325,323,297,305,302,255,308,304,305,304,226,271,372,364,274,291,291,291,291,311,280,292,239,276,277,231,230,232,207,161,250,285,223,249,250,289,317,298,301,287,8822,8402,8648,8765,8668,9496,9388,9336,9831,9525,5746,5817,5667,5562,5483,6964,6998,7378,6984,7100,5424,4854,4678,4849,4820,5012,5815,5799,5672,5216,6449,6242,6068,5912,6099,2481,2494,2789,2644,2309,4191,4109,4153,4313,3981,5037,4445,4958,5007,4674,5410,4814,5484,5392,5148,5218,5229,5313,5054,5155,5713,5413,5628,5145,5352,4942,5489,4765,5164,4804,5720,5577,5617,5736,6021,5789,6200,5763,6286,5915,4000,4023,3937,4104,4589,3692,3582,3473,3600,3744,4502,4274,4561,4109,4639,4414,4671,4322,4610,4103,20630,22760,21333,23183,22016,26699,28092,27692,27475,29391,15046,16939,17684,16119,14632,19676,18686,20355,19501,20844,12333,13547,13368,13681,13609,17472,15431,15439,17029,15968,16413,15309,17842,16981,15996,6209,6479,7118,7056,6654,12076,13151,12785,12532,12255,12753,14647,14040,14346,12619,13479,14534,14778,13490,13544,13532,14284,14570,14821,14253,17895,15662,15242,15023,16939,14125,14432,13859,14489,12988,16657,14259,15123,15621,15853,17005,17036,16134,16060,17882,11286,12260,12225,12952,12962,10193,10212,9322,10437,9759,12310,12976,12210,13609,13583,11063,10525,11033,13649,11894
(500;5;30),5,3283,3219,3271,3205,3363,1377,1319,1380,1246,1303,1074,1142,1116,1019,1069,1099,1061,1024,1001,1132,1053,1057,1038,1039,1062,725,843,922,929,929,1025,958,1053,1013,998,868,903,924,886,885,1163,1227,1204,1202,1204,854,853,827,778,849,594,576,620,571,582,700,737,650,727,669,684,705,670,681,690,619,626,630,623,603,674,741,717,678,645,632,595,642,606,646,749,765,655,735,750,631,594,664,642,642,488,525,497,536,482,590,602,552,586,571,5609,5507,5586,5637,5569,2006,2053,1937,2009,2029,1724,1591,1648,1672,1590,1750,1663,1706,1835,1698,1592,1589,1489,1552,1585,1425,1412,1409,1428,1408,1575,1604,1619,1649,1598,1326,1422,1343,1409,1367,1759,1810,1797,1857,1804,1233,1219,1225,1393,1217,946,934,941,918,901,997,1001,997,1009,1025,1124,1085,1126,1166,1123,887,924,952,887,918,1149,1110,1038,1068,1140,947,972,1001,957,1012,1204,1236,1269,1180,1287,920,946,908,946,1009,836,840,855,906,795,1005,1004,992,992,929,175322,173385,172029,175280,172931,98701,103026,105221,98760,100686,69742,72680,73831,71602,71782,93792,94978,94871,97745,95224,71939,73454,76291,70849,73897,73826,76146,73444,74718,74024,94998,92841,92456,92769,93620,73861,73525,73941,74020,71945,90312,89833,91013,90405,88423,50274,50702,49983,50252,50785,50733,49122,48278,50596,51356,40573,42512,39693,40758,42886,61807,60216,60742,63677,60828,48737,47801,49773,45955,48873,62176,60634,61414,63624,61593,40671,39043,37371,39742,38471,68706,67066,68519,66940,66142,46158,44572,46310,46749,46782,47888,47900,48092,47273,48160,45383,42980,45533,43942,43661,426414,419503,423539,415256,428666,285129,320923,285979,282281,296905,205533,205876,196894,209340,200645,271238,279055,276676,277921,286069,221366,199595,224175,201811,217479,228952,224701,218774,226000,231161,266266,268246,262300,259477,255573,212857,212155,206703,214241,222699,242987,241743,245260,245374,246073,126253,136820,140752,137050,130347,161672,159228,159119,154773,155266,110182,117306,109898,114182,112615,188413,181351,181757,178118,184936,129361,130021,127916,128065,133717,168289,177032,170309,169157,174424,111143,112211,105695,115506,106528,180940,191419,177111,191668,188668,131450,133907,131344,137714,131396,152355,156633,150079,158666,159841,122918,130000,124695,119965,123887
(500;5;40),5,2553,2541,2584,2557,2505,1332,1302,1387,1266,1301,993,1016,1012,987,993,1029,1135,1142,1142,1154,947,923,876,918,929,874,939,957,936,858,726,715,697,749,696,785,796,798,799,727,721,672,719,725,658,793,802,790,777,796,828,735,682,826,745,675,707,716,700,679,695,655,700,684,647,662,745,744,699,659,601,563,582,584,605,663,688,637,654,637,543,552,569,620,585,542,548,625,617,624,652,619,624,629,551,646,690,644,635,705,3847,3795,3694,3932,3723,1941,1921,1830,1937,1881,1486,1530,1464,1406,1525,1527,1717,1623,1653,1527,1442,1408,1452,1298,1363,1377,1388,1386,1365,1384,1122,1160,1091,1144,1083,1162,1083,1078,1119,1104,1028,1014,985,985,1013,1127,1131,1097,1079,1152,1039,1065,1023,978,1101,996,910,929,928,983,887,923,882,953,950,959,989,998,970,1013,839,868,814,882,779,960,1009,1076,1026,1021,850,804,802,832,819,970,851,905,936,848,827,826,836,778,822,1130,1154,1090,1113,1076,107335,107950,109016,110685,106747,85074,82979,80161,81328,80806,67294,70114,67432,69461,68651,73762,71172,65662,68226,69604,64440,65642,65688,66376,62611,56911,56844,56746,57783,57507,57401,54383,55128,56617,56285,48756,49075,49431,49443,47996,53155,54498,49668,52067,54075,45748,45757,46148,46273,45879,41268,42116,42648,40807,41968,41430,40338,37809,40116,40530,42550,41621,42516,42332,41672,43878,44413,43374,44630,44169,34663,35485,33774,36696,35833,56543,58710,56760,57412,57370,32523,33758,31909,33388,34320,42961,43026,43406,42894,43174,30364,31380,30935,33122,32990,45575,46525,45133,44403,46597,296817,294143,310172,295991,297519,238765,246428,239413,249196,260869,231344,222296,226693,237702,217086,196162,202699,198972,196918,207311,184801,190791,182526,179124,200197,168598,167420,175274,162588,162458,165515,183314,176795,176253,170754,147616,140461,151316,144743,149557,156941,150100,152956,150335,157401,142124,138968,146503,137281,150596,115036,137165,110727,111329,117658,116185,121859,116135,124218,118814,116936,110937,109955,118602,117805,122286,118513,113029,122733,116070,122748,115730,118277,122776,124065,197352,192098,202404,192202,188621,96605,93333,92090,92323,92138,140504,138741,139102,141042,142208,94292,88072,97201,92426,86365,123266,124456,131344,126348,127509
(500;5;50),5,2277,2239,2312,2326,2289,1074,1074,1138,1092,1107,981,929,965,978,864,726,820,721,711,789,807,783,790,714,774,746,772,685,772,788,677,686,631,741,667,781,738,721,737,805,601,635,613,604,600,669,713,726,709,678,700,657,617,651,644,777,763,763,751,685,614,602,597,661,584,739,735,807,811,819,598,593,602,601,574,549,472,531,528,499,637,645,680,634,655,665,701,662,617,604,707,693,707,659,698,590,549,519,503,540,3179,3196,3074,3140,3171,1636,1776,1737,1644,1703,1221,1360,1251,1283,1287,883,890,939,931,936,984,1167,1014,1095,1101,966,996,976,1011,1036,885,853,939,904,841,986,971,907,1026,1042,846,850,902,857,812,1032,1031,1088,1029,985,999,938,969,882,987,1011,1015,1074,1037,1051,862,894,877,917,906,1015,1124,1102,1110,1043,828,841,824,836,837,736,655,756,749,783,919,954,954,914,921,929,859,810,880,922,965,922,951,906,961,784,753,718,790,801,85155,83157,82044,82833,84546,68745,69029,63921,67928,68566,54208,55234,54374,54166,52992,42635,40990,41377,41701,41704,41364,43539,39665,41499,40606,40314,39105,38642,40149,35750,31693,27639,27920,30701,30814,38093,41623,39162,40209,40952,32657,32171,33081,31265,33581,37861,37161,36340,37273,36923,36266,35858,37281,36771,36850,44685,44075,45322,44334,43916,35519,34050,35153,34446,35537,39958,39119,40054,42086,38930,28479,28170,27179,28006,27772,32531,33567,32569,32988,33326,35495,35922,36761,36168,34453,37021,37607,37197,34741,35698,33244,35756,35484,33412,34020,27153,26082,27384,27301,27710,201843,202921,200384,194860,200551,196729,197095,209403,200549,199698,162988,170800,147618,149257,163045,121603,121883,112306,106957,108316,135043,129089,142154,136632,128171,107018,98619,101384,97555,98576,87639,98803,89684,84711,86333,112768,111971,108990,112098,113751,110722,109677,104238,107440,104955,111527,104468,106167,112914,103438,107154,108228,105216,102881,107635,131961,136511,132707,133848,140419,112606,107718,99752,98159,103900,110963,120600,119770,111881,121658,78941,79933,77590,79969,81035,91370,100267,101544,95295,98431,105573,103772,103450,108771,103340,114648,111448,111377,123081,112969,100163,97422,99007,101948,105533,88864,91384,87771,88072,82544
(50;10;30),10,225,247,299,425,281,230,249,214,215,244,283,249,279,106,174,202,167,184,224,249,178,162,162,165,141,220,165,94,173,149,184,166,174,134,126,138,130,134,134,134,149,141,138,118,77,170,145,165,169,160,255,250,245,245,242,168,158,157,166,146,137,130,133,125,139,138,153,153,157,131,98,122,130,137,138,128,83,124,108,120,192,127,143,135,143,132,122,69,113,113,145,189,208,181,142,125,123,61,120,125,742,642,719,891,837,505,501,496,483,503,617,383,475,524,487,496,462,454,450,474,376,368,372,334,342,317,381,420,374,321,330,318,342,310,355,349,333,314,364,318,263,283,287,283,352,302,303,287,263,317,557,530,539,539,522,393,409,389,406,442,328,295,306,279,332,317,312,316,316,268,291,289,233,336,270,222,230,266,234,253,388,361,380,389,353,215,231,224,173,211,423,390,508,504,454,270,273,278,282,292,11079,11368,11401,11254,11592,7530,7615,8013,7742,7643,10067,10104,9749,9457,9895,8881,9061,8541,8950,9032,6164,6524,6287,6318,6282,5502,5695,5545,5546,5762,7120,6959,6682,7096,6615,5889,5761,6080,5274,5953,4604,4673,4716,4593,4727,5344,5269,5362,5481,5269,10329,10765,10871,10455,10570,6037,6116,6067,5941,6025,4771,4609,4841,4787,4807,4815,5077,4783,5022,4690,3574,5827,3538,5923,5573,3823,3677,3890,4001,3608,7097,7051,6965,7081,7148,3946,4014,3933,3966,4107,9714,9908,9274,9169,9688,4058,4356,4283,4449,4067,30287,30576,30263,31532,31221,22886,22471,22150,22728,22106,27970,28876,30962,28003,29288,27286,27905,27394,27258,29059,21017,21077,20052,21728,21244,17315,17082,17399,17290,16348,20298,19663,19400,20501,20014,16726,18477,17144,16832,17688,16076,15345,15275,15479,15406,16876,17259,16053,16709,16663,28787,29848,29806,31082,30124,19361,19290,18323,18307,18247,13505,13817,14555,14248,14020,14406,13942,14865,14567,14388,16724,17415,16773,16998,17049,11086,11677,11187,12051,12049,22056,20224,21841,20922,22019,13049,12684,12766,13794,12636,27311,27422,26214,27578,26084,12981,12922,13482,12714,13229
(50;10;40),10,192,208,185,312,318,197,115,189,107,124,99,98,98,94,99,90,89,87,86,86,103,180,106,6,91,106,114,179,98,7,95,82,84,77,6,103,148,168,95,148,147,173,171,197,93,87,83,87,67,75,184,168,88,104,168,63,59,75,67,7,128,68,120,136,116,5,5,97,5,69,62,70,6,67,6,70,74,78,82,78,76,76,136,120,140,161,89,103,169,93,142,137,117,121,128,82,62,58,6,70,612,565,569,621,600,310,302,318,302,294,316,336,278,276,281,297,259,272,264,290,310,305,305,201,294,297,191,259,254,266,199,236,164,224,234,318,320,309,236,212,364,335,255,341,311,227,230,247,249,231,261,301,254,280,320,203,206,221,134,195,209,247,274,233,262,130,98,130,134,107,233,217,157,206,217,228,225,208,190,179,252,223,241,223,192,383,377,340,352,374,274,273,242,251,247,177,131,143,139,135,10382,10629,10471,10422,10548,5694,5850,5675,5599,5741,4595,4558,4697,4678,4684,3853,3901,3923,3937,3914,3928,3958,4004,4032,3895,4045,4080,3925,3858,4077,3188,3224,3285,3194,3294,4871,4956,4968,4810,4912,7119,6637,6698,6577,7113,4407,4013,4149,4375,4414,4828,4737,4914,4732,4791,3190,3431,3464,3254,3262,4388,4152,4334,4358,4038,1714,1848,1856,1799,1708,3208,3019,3078,3096,3114,3055,2930,3020,2845,2932,4768,4525,4727,4530,4779,6276,6208,6538,6395,6320,6458,6371,6399,5997,6106,2275,2437,2325,2278,2302,27015,26606,28493,26579,28421,16930,16081,16420,16240,16291,14532,13796,15064,14289,14135,11700,12246,11074,11576,12096,11040,11341,11691,11626,11491,12763,12083,11983,12161,12042,9272,9262,9970,9506,10366,14285,15200,15387,15665,16360,20208,18688,19965,19804,19630,12727,12635,11356,11988,12694,13998,13009,12316,13927,12902,11005,9935,10504,9938,10991,12598,13377,12251,12475,13246,5144,5281,5645,5508,5186,9962,9509,10076,10608,9746,8615,9037,8371,8618,8388,13223,13041,12898,12463,13580,17530,17690,16845,18040,18069,17333,17395,16845,16589,16506,6661,6806,6544,6386,6586
(50;10;50),10,133,131,128,201,105,25,5,5,5,121,121,116,116,114,116,137,5,5,129,109,89,93,105,102,77,109,104,92,102,98,95,89,81,85,90,103,97,109,94,117,92,88,104,100,84,86,83,77,92,72,100,88,88,96,100,99,93,89,93,5,85,81,109,73,112,84,82,80,81,75,82,93,93,77,105,85,84,5,76,72,73,93,101,97,6,88,4,5,85,4,85,81,88,4,76,84,84,58,76,4,237,297,333,325,396,61,58,129,121,148,107,185,95,107,115,210,209,253,102,182,177,131,264,174,208,213,207,105,155,204,126,173,85,176,81,205,205,211,205,217,134,104,102,123,101,157,184,176,180,172,91,159,87,91,91,178,177,165,220,182,181,167,180,165,157,149,149,62,153,149,161,153,157,95,151,119,148,152,128,133,192,225,189,194,96,144,137,160,156,160,107,71,164,160,79,145,152,132,164,148,4491,4763,4703,4556,4537,3258,3275,3039,3152,3193,2234,2260,2241,2184,2235,3724,3667,3576,3601,3622,2480,2556,2227,2385,2421,1978,2041,2022,2007,1914,2623,2610,2298,2547,2553,2475,2537,2448,2512,2415,1539,1698,1692,1611,1689,2055,2085,1797,1631,1957,1835,1594,1657,1694,1664,2918,2783,3108,2993,3031,2391,2505,2428,2435,2414,1987,2109,2099,2142,2026,2230,2319,2266,2334,2371,1701,1843,1743,1945,1764,2740,2698,2869,2618,2579,2166,2067,1935,1974,2128,1597,1599,1737,1712,1735,1890,1995,1811,1974,1878,12635,12241,11795,12764,11728,8838,8698,9024,9119,8213,7208,6515,6611,6270,6283,9668,9760,9799,11112,9826,6708,6996,6786,6835,6611,5913,6019,5939,5414,5665,6811,6931,7207,7009,6857,7066,8009,7569,6940,6830,4732,4819,4754,5262,5239,5668,5355,5622,6302,6258,4844,5086,5056,4661,5130,8631,8374,8364,8571,8595,7146,6937,6704,6372,6902,6253,6650,6282,6444,6302,6700,6572,6767,6599,6261,4919,5199,5605,5300,5378,8222,8091,8916,7452,7866,5973,5732,5815,6091,5789,5160,4983,4500,5185,5133,5458,5742,5093,5678,6023
(100;10;30),10,1328,1051,1291,982,1242,638,612,607,614,599,570,578,522,582,612,589,565,641,543,557,413,399,369,447,450,499,484,488,435,439,473,464,509,474,514,568,590,589,568,595,468,434,429,393,450,524,486,487,478,502,482,439,446,446,427,448,509,456,481,529,300,356,335,267,356,462,424,421,435,410,588,536,527,550,569,421,437,427,418,399,368,360,359,364,396,413,410,418,438,395,347,357,384,437,358,338,396,365,377,386,3236,3205,3125,3139,3256,1486,1502,1444,1448,1466,1213,1261,1288,1339,1151,1362,1381,1531,1413,1362,901,864,794,847,855,1003,1015,1059,986,1003,1246,1204,1032,1234,1215,1252,1395,1314,1263,1403,918,852,851,919,861,1057,1109,1097,1047,1164,1095,1079,1090,1074,1046,1054,1084,1006,1030,1075,806,845,790,788,786,879,891,933,908,907,1099,1131,1141,1139,1167,982,914,964,956,954,882,904,863,858,864,1020,903,897,948,990,767,786,912,792,777,772,759,770,790,772,70953,71198,70664,70801,71527,47810,49929,50176,50333,49672,43693,42632,42211,43738,44350,55432,54226,53605,55545,54601,28066,27249,27260,27737,28676,38062,37794,37760,37914,37956,32787,31328,32996,33001,32438,43590,43569,42780,43531,41728,28645,26892,27459,28790,28576,37788,38166,37714,38138,38525,31418,31974,31750,32400,32026,33365,33384,33579,34903,34496,21531,20989,21766,21233,22583,30405,29893,28979,30366,29557,43743,43628,43769,43772,43899,33724,34306,35182,35057,33681,25805,25709,26649,26679,25838,31607,30501,30711,30959,30863,29300,28645,28905,28607,30072,27573,29975,27967,28367,27712,187323,191821,189959,192786,190393,146199,144711,145664,145171,150021,138159,137445,134078,135058,135339,159642,154377,159904,161293,153132,92448,94833,98921,93139,99034,121925,119787,119537,119029,124416,95042,89367,94096,94197,94992,134444,140251,134198,140888,136011,93547,89195,88841,92497,89477,120942,120337,119544,117918,121428,100719,99881,96980,95646,99531,101505,99567,104332,106269,102624,66615,66007,66290,67520,67518,85475,85932,82638,86125,86056,151832,150024,151594,152872,152930,99614,102853,103826,101654,102796,92644,94705,90534,92845,92900,94505,96681,94984,96514,97842,95785,94832,95543,95237,96809,81898,78294,86034,84314,86161
(100;10;40),10,909,748,918,767,848,429,499,517,395,469,516,585,517,488,578,524,486,467,513,467,340,312,338,306,301,548,547,508,512,509,340,247,306,318,329,336,361,318,291,356,412,443,404,380,430,363,357,361,361,322,315,299,307,291,306,247,254,262,223,234,358,380,378,377,352,356,286,303,330,312,259,357,341,333,309,311,263,277,283,255,261,225,258,289,293,390,351,323,351,322,339,381,355,315,340,329,307,327,292,322,1136,1571,1606,1772,1423,992,1027,986,1050,1011,1205,1200,1026,1014,1164,1144,1011,999,1081,1129,645,634,592,555,642,1027,1018,1105,1049,1101,642,622,617,636,688,621,537,620,596,614,912,875,875,895,846,652,657,648,626,636,642,605,624,640,661,522,486,496,494,500,810,764,817,755,748,608,589,582,597,564,701,693,694,687,675,545,525,552,571,543,557,498,590,567,553,753,717,778,735,734,769,725,734,769,764,629,632,624,615,590,42154,41305,42344,41578,41919,28786,28929,28565,27676,28948,34546,34715,34788,35207,35326,32126,31723,33397,31241,32664,20967,21029,21546,21529,21614,33466,35231,34574,36586,36722,18314,18951,19133,18174,19360,20041,20353,19392,19909,21071,27873,27167,27044,26382,28383,20824,20087,20764,21614,21052,15100,15942,15565,14664,16474,14088,13953,13654,15069,14946,23828,24582,23415,23902,23425,18130,18708,18314,18430,19252,20344,19995,20664,21095,21033,16841,16729,16817,17273,16321,16997,17233,17200,17072,16975,24128,25098,24679,24079,25050,24381,23277,22593,23814,25524,18773,18988,19045,19369,19256,119250,119929,119134,116118,114986,84113,85746,83683,86956,80123,96619,102002,103666,100170,95859,98105,96567,101199,100962,101700,69509,66051,67813,68613,67829,101996,103387,101564,104089,106588,55213,57428,54542,57214,64795,59518,57354,57773,57401,60371,93748,90581,88289,94856,85458,55644,59763,62362,63126,56682,47019,44004,47504,44939,46369,39516,40253,41077,40196,41230,72114,70861,68953,70858,70187,52857,55178,53988,53650,54278,63144,62195,58471,61585,61624,56632,56933,56555,56268,54290,53257,54401,53552,54338,51330,72332,78431,74495,77888,75517,67659,74480,66954,67638,65023,54394,53560,53920,54372,52247
(100;10;50),10,769,515,507,515,609,428,327,472,404,383,400,397,404,382,384,342,401,355,338,341,294,283,313,289,281,19,255,257,250,239,251,277,262,275,273,243,219,231,243,199,227,292,264,227,227,331,335,404,312,330,210,222,219,194,190,231,280,260,280,280,262,224,240,191,191,236,256,211,199,175,229,244,240,236,191,246,266,252,258,263,186,206,190,236,193,219,154,213,237,222,211,211,211,225,219,183,197,240,228,232,991,1041,970,1100,1046,798,793,778,755,787,764,776,760,716,707,648,681,720,752,659,597,609,580,525,616,542,587,419,618,530,570,500,494,521,486,492,489,437,459,450,466,447,431,446,407,693,690,704,635,701,426,412,374,411,403,532,521,489,519,509,449,399,383,413,382,408,416,448,358,393,474,441,455,459,504,496,536,556,505,511,327,327,381,347,376,382,399,387,368,369,440,445,425,456,450,428,411,410,458,408,23391,23035,23072,22735,23112,21109,20922,21442,20930,21473,20903,21203,20093,21237,20663,21243,21264,21276,21986,21517,19862,19334,19349,19317,19711,14818,14568,15251,14671,15473,12759,12411,12706,11953,12922,13404,14376,13523,13837,14076,14211,13953,13922,13644,13984,18618,19272,18637,18855,18858,10571,10559,9886,10543,9798,14025,13934,13799,14494,13948,10517,10797,10706,10188,10506,11346,10262,11432,11277,11238,11592,11538,11528,11443,12019,17118,17372,17130,17232,17208,8428,8492,9054,8129,7792,10540,10614,10595,10156,10569,13414,12236,13150,13500,13652,10566,10560,10728,10461,10570,66971,63913,62699,65428,64629,59751,59701,65467,62964,60390,61421,64813,64898,58793,62919,64404,64105,64780,67864,64665,53535,59807,56684,53708,54619,48464,47962,45431,44166,46091,36351,38003,37460,39257,36924,45393,46333,42997,45349,43141,46032,44453,43511,43340,44239,51562,52959,52014,53940,53743,30569,31282,31768,30018,31864,39976,40876,40282,41213,38898,33059,34780,37682,34393,34201,32910,31454,38043,31520,33960,35870,36447,35627,36919,35749,48276,51529,51793,46991,51082,28806,31317,27412,31347,31514,29606,30923,32019,30383,32778,37248,37794,35396,36365,38362,33435,35530,32643,33151,32350
(200;10;30),10,6998,6857,6827,6981,6828,2014,2040,2062,2036,2058,1533,1523,1467,1540,1555,1038,1143,1142,1052,1026,1720,1635,1703,1677,1715,898,1043,997,934,1032,806,898,830,911,915,1277,1344,1377,1273,1358,1159,1283,1163,1034,1183,996,1000,994,936,1006,873,889,726,871,872,1288,1271,1271,1180,1269,1001,996,966,1017,902,760,723,718,760,748,803,779,819,712,789,930,1050,997,1021,965,767,753,770,776,770,817,719,743,710,706,640,623,617,677,684,700,600,594,695,635,14496,14283,14666,14464,14454,4726,4484,4843,4459,4658,3407,3314,3414,3454,3415,2326,2434,2315,2283,2388,3777,3818,3745,3454,3815,1968,2042,1938,1979,2034,1757,1915,2014,1911,1916,2867,2864,2906,2870,2872,2592,2295,2531,2604,2579,2151,2026,2111,2039,2168,1944,1861,1860,1724,1869,2476,2594,2605,2563,2524,2127,2021,1978,1915,1954,1446,1472,1424,1463,1512,1574,1593,1449,1609,1482,2103,2118,2077,2239,1993,1543,1532,1550,1553,1628,1697,1468,1658,1517,1669,1191,1293,1315,1252,1347,1250,1397,1391,1318,1402,584744,581878,586677,579611,582841,385450,392856,389556,388438,387097,224986,227484,224121,222813,228154,132439,133873,133284,131736,133325,234524,237318,231751,236388,233122,104366,103072,103922,105440,104540,152725,155185,159246,154457,158694,186896,188321,189670,189491,189203,185016,186051,185173,187626,188843,130486,129317,129667,132550,131009,108552,115833,108317,110622,112605,185591,183267,179732,183177,184135,141931,143000,140608,137243,146951,85490,82846,83653,85857,85541,104477,106926,105471,106149,107534,136097,139310,137003,138801,138625,101807,100789,102269,93691,98785,95676,95350,95315,95269,94334,75941,74008,75721,74314,75815,79556,79751,78393,79182,78650,1480312,1495041,1473424,1473566,1475487,1092124,1103638,1121465,1113984,1113569,719217,716975,720821,690704,725812,473657,456542,457755,457744,454975,620597,630690,625547,634234,620401,329652,327461,327776,314741,325522,526697,538553,507156,525632,525042,565673,558432,547997,568176,563358,492506,472861,485699,502616,481584,360262,348117,349165,344759,346929,308141,305571,321786,309424,307896,500692,494065,498427,499018,502286,419594,420765,407782,413955,421029,273770,282501,283249,290765,284114,356572,355598,363196,353655,355249,377522,375726,387172,384991,380294,269438,263840,270415,268497,269233,277537,281129,272951,278953,273408,216642,220228,224031,224264,214946,216505,215759,221009,222782,222261
(200;10;40),10,3734,3626,3650,3779,3674,1197,1111,1099,1232,1106,1376,1412,1384,1300,1342,1343,1343,1383,1347,1228,1304,1332,1342,1288,1301,995,1015,972,977,985,928,915,1078,889,966,908,936,897,905,882,938,945,1037,1111,1098,639,648,656,771,647,695,643,559,626,561,452,470,434,502,590,533,546,515,484,554,661,591,652,665,645,588,601,567,666,646,532,632,591,644,527,610,587,654,542,614,942,817,856,872,789,645,675,619,625,591,706,779,751,812,781,7117,7176,7063,7201,7118,2103,2204,2218,2291,2236,2553,2590,2582,2609,2558,2886,2784,2837,2882,2799,2795,2856,2867,2779,2822,1964,2004,1970,2005,1939,1977,1991,2003,1978,2033,1845,1857,1784,1859,1878,2160,2160,2181,2154,2185,1517,1428,1557,1398,1517,1257,1267,1271,1329,1314,894,1022,890,910,956,1118,1106,1103,1175,1113,1276,1174,1290,1248,1223,1317,1286,1300,1251,1361,1240,1160,1258,1282,1207,1058,1152,1110,1077,1071,1692,1593,1694,1686,1671,1272,1290,1269,1267,1268,1419,1514,1514,1396,1585,260994,260910,258617,262257,260204,152149,151593,157376,153693,154631,172342,171743,180060,182346,176960,156332,153973,152669,159680,157175,143664,142913,140331,143332,142676,128515,125897,126011,125643,128266,117929,118472,119064,119721,120080,119892,120454,118838,122299,123376,112134,114455,112981,113399,113224,78520,77080,76502,78796,80113,69639,69047,71602,71963,71179,49660,46393,46721,48090,48355,63460,63927,60913,63535,61594,69064,66842,66421,67118,66485,67927,65992,66751,66883,69636,60276,63239,59200,60514,59866,76281,76480,73646,73955,75834,85244,85387,85328,85627,85399,69511,69246,67164,68468,67623,91950,94927,92855,94835,96151,686050,668773,693033,661913,677099,491100,477296,479076,476256,481167,509085,518944,528347,557012,508730,491134,475878,458858,478580,477583,442593,423261,420951,445498,418109,364147,375007,374593,366308,374920,396355,394041,402829,393684,404098,358752,347430,343216,350321,356677,315389,316208,333126,319346,326013,247619,239041,245388,249008,249330,214859,211998,218213,217601,220272,137397,137870,136379,133762,133585,272883,282204,271056,271286,273098,215707,208754,210092,217279,210816,230028,213544,224209,226892,221972,178940,179968,175159,177765,184115,216211,216663,210924,225541,216148,243299,232281,233648,230470,240485,213677,197626,204677,209260,203092,274382,266917,269621,265931,266036
(200;10;50),10,2549,2762,2735,2777,2726,1100,1080,1133,1178,1127,762,766,759,731,735,795,797,796,725,721,954,787,965,865,844,716,710,693,649,639,749,747,768,780,751,661,686,598,658,597,694,623,689,625,621,598,574,625,637,573,608,583,605,592,630,659,651,615,673,640,577,571,617,543,636,549,566,553,542,563,578,591,618,620,623,725,780,634,710,699,496,541,534,607,578,636,646,626,617,637,581,562,546,633,527,421,399,463,412,401,5102,4910,4951,4984,5117,2238,2225,2039,2218,2118,1466,1444,1455,1485,1409,1469,1462,1408,1372,1492,1681,1669,1685,1668,1725,1197,1196,1195,1194,1121,1352,1353,1328,1382,1315,1189,1079,1141,1201,1208,1276,1269,1273,1276,1243,1002,1036,1013,1042,1007,1061,1045,1102,1157,1055,1277,1186,1230,1191,1289,991,972,975,919,990,966,962,974,1001,993,1072,1115,1051,1065,1060,1437,1389,1345,1356,1417,970,1018,971,957,943,1261,1242,1237,1242,1249,1334,1277,1238,1313,1260,766,768,731,767,712,173404,171503,173517,174998,175871,112518,107895,113247,109755,110090,67956,68483,65287,69075,65553,84968,87886,89280,85046,88099,77132,76575,76731,77952,76287,56738,56998,56218,56208,56865,81073,79371,79124,81178,80329,56862,57872,56627,56066,55534,79711,76958,75406,79915,79842,63855,65035,64738,63689,62464,63648,62480,62084,62699,59886,59850,60426,60492,59575,60017,45891,44836,45664,45711,46763,46660,45447,44344,45757,44592,51766,53706,54539,52653,54249,78094,78889,77383,77752,77350,52919,52438,51553,52624,50438,65869,64738,64155,65615,63522,64000,62902,63766,63412,63574,39293,38983,39392,39763,38337,450257,449902,464895,463908,443782,318674,343499,336681,322903,335880,201728,206619,203287,201809,204716,269661,292992,258448,274033,279885,227908,228204,241075,234445,240529,174638,180654,176998,182021,173599,223551,246253,229560,245050,246093,185110,179467,174534,175795,182129,223038,231141,230270,222300,225404,175236,183127,177989,187708,181558,190134,208277,201834,198303,213878,185328,178789,189916,183861,186126,142522,152597,145624,153909,163216,146177,153706,152099,159944,155716,190547,173735,162495,180567,175281,220256,217864,217959,213864,221045,162634,165999,166341,164148,160404,191976,191707,183443,190590,191105,202473,194457,195918,189654,189475,115457,121070,120653,112139,113697
(500;10;30),10,26451,26580,26038,26487,26411,6181,6046,6144,5879,6190,4555,3944,4527,4189,4540,4166,3856,4043,3948,4023,4759,5042,4755,4512,4717,5554,5649,5632,5053,5674,3290,3213,3285,3198,3300,3483,3718,3649,3489,3707,3905,3900,3868,3861,3859,3561,3520,3559,3613,3592,2586,2577,2427,2508,2570,2688,2492,2696,2666,2716,3288,3242,3296,3258,3159,2916,3093,2980,2987,2973,2856,2743,2680,2937,2610,2674,2737,2648,2620,2647,2546,2754,2609,2542,2676,2819,2926,2942,2909,2813,2735,2677,2750,2600,2739,2649,2940,2767,2824,2833,47354,46663,46855,47732,47380,11994,11921,11739,11610,11845,7766,7863,8239,7852,8262,7078,7619,7631,7107,7125,8825,8237,8365,8735,8044,11446,11082,11377,11506,11512,6361,6588,6470,6426,6446,6586,6487,6836,6806,6602,6980,6940,6906,7020,6978,6529,6433,6567,6584,6351,4475,4358,4314,4581,4402,4748,4868,5224,5188,5031,6300,5698,6082,6101,6139,5325,5709,5675,5748,5817,4919,4912,4734,5005,4871,4781,4845,5172,4817,5042,4904,4789,4951,4919,4950,5474,5073,5367,5476,5346,5000,5032,4578,5043,4980,5378,5480,5578,5247,5256,3270553,3324054,3329475,3282846,3312144,1780538,1758672,1764571,1763161,1773258,1285049,1281472,1274707,1283963,1279763,1060558,1061255,1061997,1058736,1052696,1237427,1255397,1256139,1238688,1276408,1656017,1651911,1652947,1650959,1648295,883738,882028,887687,871556,882607,888255,898598,892089,897536,886803,745588,748340,746999,741889,723980,975106,963796,971777,975814,968478,603132,602081,603167,596105,606218,529987,531371,530144,527668,528644,711244,707373,712339,708316,706505,636873,638947,634116,639929,635975,552247,549723,549594,547444,543837,516276,509351,514163,512595,510213,505950,504906,503772,499742,503486,590073,585475,586477,587131,589773,542167,543211,541399,542600,539924,600653,598955,604425,606222,605490,6956149,6893703,6893459,7048986,6863563,4630384,4591401,4576435,4604516,4663358,3807012,3746418,3805912,3884299,3850652,2770766,2776246,2882802,2794347,2880481,3440575,3403626,3431496,3448142,3477639,4576252,4553197,4564674,4552774,4535483,2466209,2479721,2494086,2470521,2453598,2492942,2583864,2535873,2614471,2558398,2005799,2033468,1978831,2006170,1992960,2542513,2515202,2532955,2507345,2524013,1461646,1466633,1450467,1453896,1468234,1433964,1421711,1198229,1156173,1172936,1640111,1507162,1641718,1776091,1574415,1643143,1368904,1351353,1657582,1384549,1161541,1433991,1200664,1184698,1429560,1336669,1090428,1354106,1199524,1142724,1136946,1324941,1335202,1133552,1103461,1523144,1522495,1251237,1264041,1244309,1155823,1153932,1193385,1335506,1436980,1279892,1269223,1245869,1558364,1544379
(500;10;40),10,19953,19522,19659,19363,19664,4867,4821,4779,4719,4814,3870,3715,3868,3766,3837,2660,2592,2727,2231,2724,2693,2713,2567,2833,2626,2251,2208,2543,2515,2544,3534,3626,3790,3593,3576,2589,2559,2617,2588,2621,2343,2441,2397,2150,2324,3103,3059,3063,3133,3138,2431,2311,2781,2443,2662,2183,2497,2493,2499,2158,2841,3110,2769,2908,3125,2340,2360,2376,2350,2404,2294,2207,2339,2269,2344,2103,2039,2053,2163,2118,2353,2233,2298,2259,2406,2366,2348,2348,2024,2400,2350,2451,2422,2337,2369,2674,2692,2418,2663,2655,31763,31565,32082,31652,31595,8038,8093,8073,8039,8455,7093,7165,7132,7204,7315,4712,4542,4774,4459,4630,4747,4793,4512,4552,4816,4160,3926,4106,4107,4075,6156,6818,6424,6754,6402,4623,4655,4616,4667,4698,4161,4102,3992,4107,3831,5355,5175,5200,5125,5083,4419,4400,4080,4550,4018,4075,3933,3853,4057,4103,5296,5334,5297,5304,5333,4112,4208,4404,4407,4456,3849,4035,3939,4107,4070,3260,3367,3418,3603,3533,3991,4170,4218,4161,4234,3819,3521,3547,3560,3623,4081,4061,3999,4172,4040,4448,4606,4400,4646,4505,2285961,2312422,2291429,2287967,2267043,1204037,1215595,1196693,1194416,1197554,1093935,1087766,1097525,1080348,1097129,613726,623636,622975,622949,620993,503616,510806,509793,507740,510103,581295,585431,583377,576781,581022,920060,920890,917923,927140,924150,775616,794251,795905,788040,802267,522480,523548,517829,520921,514102,604538,596627,601035,606933,607587,618609,617208,623437,622724,618734,497173,503516,500073,495083,498776,666171,669559,668499,670385,667756,522269,524021,526572,522399,529883,472106,473110,474388,477585,475058,457674,461795,475715,476382,471172,474522,468732,474544,477448,477225,447543,444153,448760,449649,446931,495282,504645,499839,501138,501330,503813,503665,505771,505776,508291,4759601,4690656,4722182,4840052,4747867,3276935,3200066,3151104,3309965,3123799,2668943,2634890,2613945,2553506,2606348,2018767,2000486,1989229,1953650,1966725,1437012,1450715,1428634,1420167,1429795,1623526,1624637,1684152,1653081,1657384,2380415,2402193,2404284,2367827,2349305,2142566,2186719,2291817,2208988,2170645,1467153,1451152,1475872,1461841,1417881,1721395,1711717,1737175,1703599,1747413,1709952,1726771,1729845,1719728,1734695,1298051,1244553,1246123,1261827,1237795,1469636,1507629,1512784,1524077,1502045,1643331,1605773,1663089,1575337,1615045,1243492,1236988,1230266,1240983,1233001,1349123,1297686,1337042,1296350,1326361,1338490,1379140,1349878,1389269,1346983,1022392,1022829,1024195,1012343,1012991,1305313,1293433,1316448,1310679,1326286,1211916,1172039,1174173,1147031,1210273
(500;10;50),10,12855,12831,12792,13156,13069,3473,3430,3109,3485,3519,2548,2245,2495,2502,2258,2769,2711,2644,2472,2518,3093,3149,3254,3236,3167,1751,1902,1774,1748,1938,2101,2165,2348,2136,2312,2056,2224,2114,2160,2020,1720,1546,1509,1568,1478,2036,2318,2239,2032,2139,1354,1410,1533,1560,1498,1945,2012,2116,2050,2086,1977,1682,1969,1761,1964,2107,2094,2190,2216,2249,1516,1785,1434,1798,1572,1965,2000,2272,2264,2000,1287,1302,1467,1306,1415,1936,2124,1930,2014,2046,1973,1968,2365,1970,2235,1890,1702,1906,1899,1647,20731,20504,20799,20318,20429,5391,5362,5385,5333,5380,3959,3897,3870,3826,3918,4369,4167,4313,4400,4208,5570,5385,5317,5258,5274,2903,2944,2792,2898,2774,3748,3909,3754,3736,3942,3718,3874,3973,3596,3659,2861,2831,2880,2866,2621,3348,3342,3777,3567,3768,2414,2398,2362,2329,2156,3214,3102,3246,3341,3010,2920,3136,3142,3003,2999,3405,3596,3535,3419,3593,2669,2663,2732,2786,2663,3571,3777,3344,3695,3842,2317,2302,2331,2288,2269,3434,3434,3598,3418,3170,3780,3764,3973,3738,3986,2962,2992,2762,2729,2971,1248451,1246279,1259662,1252629,1258182,569038,576722,571510,577123,566831,575575,586489,578686,579092,581473,508972,523635,509637,506402,518423,643158,640689,656208,641925,649944,307673,312036,308284,310168,306838,469967,476233,471667,470330,471735,443934,440686,441512,443895,443574,259189,258069,254408,254989,255753,437707,438518,438374,438104,440119,354033,361447,357800,358768,355197,347041,342770,344977,342774,345070,337244,339953,337135,339454,334616,368220,363824,367284,376726,389050,291858,294171,289502,287928,290414,433702,433485,430694,430330,429624,312243,310365,301911,315368,309042,392892,390211,392338,394191,391768,436141,433096,436792,435252,435381,342700,343121,342603,346018,343650,3098392,3130212,3153242,3116600,3184132,1548378,1583475,1554338,1635790,1625222,1831310,1763240,1752842,1787379,1801011,1671127,1614494,1580139,1694396,1628841,1693107,1632688,1615673,1700430,1642012,943448,996352,922935,937308,999269,1218509,1261581,1237003,1316416,1245813,1254451,1180438,1218486,1266621,1269974,793086,801610,836991,811874,816213,1062852,1067835,1090850,1089923,1083584,1197556,1161799,1141272,1190901,1150127,920150,956099,1005514,927323,906240,1169043,1159036,1198999,1097434,1159408,941335,931635,963968,936898,967469,866700,873925,807461,895022,911554,1077502,1073737,1077471,1082844,1062915,1048710,1085640,1055452,1010445,1032325,1048881,1057703,1067587,1007330,1091759,1082077,1104654,1091506,1080620,1093200,1146070,1079227,1117312,1084576,1082020
