Graph name,Upper Bound,MSTreILeDif_tree_nr_0,MSTreILeDif_tree_nr_0,MSTreILeDif_tree_nr_0,MSTreILeDif_tree_nr_0,MSTreILeDif_tree_nr_0,MSTreILeDif_tree_nr_1,MSTreILeDif_tree_nr_1,MSTreILeDif_tree_nr_1,MSTreILeDif_tree_nr_1,MSTreILeDif_tree_nr_1,MSTreILeDif_tree_nr_2,MSTreILeDif_tree_nr_2,MSTreILeDif_tree_nr_2,MSTreILeDif_tree_nr_2,MSTreILeDif_tree_nr_2,MSTreILeDif_tree_nr_3,MSTreILeDif_tree_nr_3,MSTreILeDif_tree_nr_3,MSTreILeDif_tree_nr_3,MSTreILeDif_tree_nr_3,MSTreILeDif_tree_nr_4,MSTreILeDif_tree_nr_4,MSTreILeDif_tree_nr_4,MSTreILeDif_tree_nr_4,MSTreILeDif_tree_nr_4,MSTreILeDif_tree_nr_5,MSTreILeDif_tree_nr_5,MSTreILeDif_tree_nr_5,MSTreILeDif_tree_nr_5,MSTreILeDif_tree_nr_5,MSTreILeDif_tree_nr_6,MSTreILeDif_tree_nr_6,MSTreILeDif_tree_nr_6,MSTreILeDif_tree_nr_6,MSTreILeDif_tree_nr_6,MSTreILeDif_tree_nr_7,MSTreILeDif_tree_nr_7,MSTreILeDif_tree_nr_7,MSTreILeDif_tree_nr_7,MSTreILeDif_tree_nr_7,MSTreILeDif_tree_nr_8,MSTreILeDif_tree_nr_8,MSTreILeDif_tree_nr_8,MSTreILeDif_tree_nr_8,MSTreILeDif_tree_nr_8,MSTreILeDif_tree_nr_9,MSTreILeDif_tree_nr_9,MSTreILeDif_tree_nr_9,MSTreILeDif_tree_nr_9,MSTreILeDif_tree_nr_9,MSTreILeDif_tree_nr_10,MSTreILeDif_tree_nr_10,MSTreILeDif_tree_nr_10,MSTreILeDif_tree_nr_10,MSTreILeDif_tree_nr_10,MSTreILeDif_tree_nr_11,MSTreILeDif_tree_nr_11,MSTreILeDif_tree_nr_11,MSTreILeDif_tree_nr_11,MSTreILeDif_tree_nr_11,MSTreILeDif_tree_nr_12,MSTreILeDif_tree_nr_12,MSTreILeDif_tree_nr_12,MSTreILeDif_tree_nr_12,MSTreILeDif_tree_nr_12,MSTreILeDif_tree_nr_13,MSTreILeDif_tree_nr_13,MSTreILeDif_tree_nr_13,MSTreILeDif_tree_nr_13,MSTreILeDif_tree_nr_13,MSTreILeDif_tree_nr_14,MSTreILeDif_tree_nr_14,MSTreILeDif_tree_nr_14,MSTreILeDif_tree_nr_14,MSTreILeDif_tree_nr_14,MSTreILeDif_tree_nr_15,MSTreILeDif_tree_nr_15,MSTreILeDif_tree_nr_15,MSTreILeDif_tree_nr_15,MSTreILeDif_tree_nr_15,MSTreILeDif_tree_nr_16,MSTreILeDif_tree_nr_16,MSTreILeDif_tree_nr_16,MSTreILeDif_tree_nr_16,MSTreILeDif_tree_nr_16,MSTreILeDif_tree_nr_17,MSTreILeDif_tree_nr_17,MSTreILeDif_tree_nr_17,MSTreILeDif_tree_nr_17,MSTreILeDif_tree_nr_17,MSTreILeDif_tree_nr_18,MSTreILeDif_tree_nr_18,MSTreILeDif_tree_nr_18,MSTreILeDif_tree_nr_18,MSTreILeDif_tree_nr_18,MSTreILeDif_tree_nr_19,MSTreILeDif_tree_nr_19,MSTreILeDif_tree_nr_19,MSTreILeDif_tree_nr_19,MSTreILeDif_tree_nr_19,MSTreINegIn_tree_nr_0,MSTreINegIn_tree_nr_0,MSTreINegIn_tree_nr_0,MSTreINegIn_tree_nr_0,MSTreINegIn_tree_nr_0,MSTreINegIn_tree_nr_1,MSTreINegIn_tree_nr_1,MSTreINegIn_tree_nr_1,MSTreINegIn_tree_nr_1,MSTreINegIn_tree_nr_1,MSTreINegIn_tree_nr_2,MSTreINegIn_tree_nr_2,MSTreINegIn_tree_nr_2,MSTreINegIn_tree_nr_2,MSTreINegIn_tree_nr_2,MSTreINegIn_tree_nr_3,MSTreINegIn_tree_nr_3,MSTreINegIn_tree_nr_3,MSTreINegIn_tree_nr_3,MSTreINegIn_tree_nr_3,MSTreINegIn_tree_nr_4,MSTreINegIn_tree_nr_4,MSTreINegIn_tree_nr_4,MSTreINegIn_tree_nr_4,MSTreINegIn_tree_nr_4,MSTreINegIn_tree_nr_5,MSTreINegIn_tree_nr_5,MSTreINegIn_tree_nr_5,MSTreINegIn_tree_nr_5,MSTreINegIn_tree_nr_5,MSTreINegIn_tree_nr_6,MSTreINegIn_tree_nr_6,MSTreINegIn_tree_nr_6,MSTreINegIn_tree_nr_6,MSTreINegIn_tree_nr_6,MSTreINegIn_tree_nr_7,MSTreINegIn_tree_nr_7,MSTreINegIn_tree_nr_7,MSTreINegIn_tree_nr_7,MSTreINegIn_tree_nr_7,MSTreINegIn_tree_nr_8,MSTreINegIn_tree_nr_8,MSTreINegIn_tree_nr_8,MSTreINegIn_tree_nr_8,MSTreINegIn_tree_nr_8,MSTreINegIn_tree_nr_9,MSTreINegIn_tree_nr_9,MSTreINegIn_tree_nr_9,MSTreINegIn_tree_nr_9,MSTreINegIn_tree_nr_9,MSTreINegIn_tree_nr_10,MSTreINegIn_tree_nr_10,MSTreINegIn_tree_nr_10,MSTreINegIn_tree_nr_10,MSTreINegIn_tree_nr_10,MSTreINegIn_tree_nr_11,MSTreINegIn_tree_nr_11,MSTreINegIn_tree_nr_11,MSTreINegIn_tree_nr_11,MSTreINegIn_tree_nr_11,MSTreINegIn_tree_nr_12,MSTreINegIn_tree_nr_12,MSTreINegIn_tree_nr_12,MSTreINegIn_tree_nr_12,MSTreINegIn_tree_nr_12,MSTreINegIn_tree_nr_13,MSTreINegIn_tree_nr_13,MSTreINegIn_tree_nr_13,MSTreINegIn_tree_nr_13,MSTreINegIn_tree_nr_13,MSTreINegIn_tree_nr_14,MSTreINegIn_tree_nr_14,MSTreINegIn_tree_nr_14,MSTreINegIn_tree_nr_14,MSTreINegIn_tree_nr_14,MSTreINegIn_tree_nr_15,MSTreINegIn_tree_nr_15,MSTreINegIn_tree_nr_15,MSTreINegIn_tree_nr_15,MSTreINegIn_tree_nr_15,MSTreINegIn_tree_nr_16,MSTreINegIn_tree_nr_16,MSTreINegIn_tree_nr_16,MSTreINegIn_tree_nr_16,MSTreINegIn_tree_nr_16,MSTreINegIn_tree_nr_17,MSTreINegIn_tree_nr_17,MSTreINegIn_tree_nr_17,MSTreINegIn_tree_nr_17,MSTreINegIn_tree_nr_17,MSTreINegIn_tree_nr_18,MSTreINegIn_tree_nr_18,MSTreINegIn_tree_nr_18,MSTreINegIn_tree_nr_18,MSTreINegIn_tree_nr_18,MSTreINegIn_tree_nr_19,MSTreINegIn_tree_nr_19,MSTreINegIn_tree_nr_19,MSTreINegIn_tree_nr_19,MSTreINegIn_tree_nr_19,MSTreIUnion_tree_nr_0,MSTreIUnion_tree_nr_0,MSTreIUnion_tree_nr_0,MSTreIUnion_tree_nr_0,MSTreIUnion_tree_nr_0,MSTreIUnion_tree_nr_1,MSTreIUnion_tree_nr_1,MSTreIUnion_tree_nr_1,MSTreIUnion_tree_nr_1,MSTreIUnion_tree_nr_1,MSTreIUnion_tree_nr_2,MSTreIUnion_tree_nr_2,MSTreIUnion_tree_nr_2,MSTreIUnion_tree_nr_2,MSTreIUnion_tree_nr_2,MSTreIUnion_tree_nr_3,MSTreIUnion_tree_nr_3,MSTreIUnion_tree_nr_3,MSTreIUnion_tree_nr_3,MSTreIUnion_tree_nr_3,MSTreIUnion_tree_nr_4,MSTreIUnion_tree_nr_4,MSTreIUnion_tree_nr_4,MSTreIUnion_tree_nr_4,MSTreIUnion_tree_nr_4,MSTreIUnion_tree_nr_5,MSTreIUnion_tree_nr_5,MSTreIUnion_tree_nr_5,MSTreIUnion_tree_nr_5,MSTreIUnion_tree_nr_5,MSTreIUnion_tree_nr_6,MSTreIUnion_tree_nr_6,MSTreIUnion_tree_nr_6,MSTreIUnion_tree_nr_6,MSTreIUnion_tree_nr_6,MSTreIUnion_tree_nr_7,MSTreIUnion_tree_nr_7,MSTreIUnion_tree_nr_7,MSTreIUnion_tree_nr_7,MSTreIUnion_tree_nr_7,MSTreIUnion_tree_nr_8,MSTreIUnion_tree_nr_8,MSTreIUnion_tree_nr_8,MSTreIUnion_tree_nr_8,MSTreIUnion_tree_nr_8,MSTreIUnion_tree_nr_9,MSTreIUnion_tree_nr_9,MSTreIUnion_tree_nr_9,MSTreIUnion_tree_nr_9,MSTreIUnion_tree_nr_9,MSTreIUnion_tree_nr_10,MSTreIUnion_tree_nr_10,MSTreIUnion_tree_nr_10,MSTreIUnion_tree_nr_10,MSTreIUnion_tree_nr_10,MSTreIUnion_tree_nr_11,MSTreIUnion_tree_nr_11,MSTreIUnion_tree_nr_11,MSTreIUnion_tree_nr_11,MSTreIUnion_tree_nr_11,MSTreIUnion_tree_nr_12,MSTreIUnion_tree_nr_12,MSTreIUnion_tree_nr_12,MSTreIUnion_tree_nr_12,MSTreIUnion_tree_nr_12,MSTreIUnion_tree_nr_13,MSTreIUnion_tree_nr_13,MSTreIUnion_tree_nr_13,MSTreIUnion_tree_nr_13,MSTreIUnion_tree_nr_13,MSTreIUnion_tree_nr_14,MSTreIUnion_tree_nr_14,MSTreIUnion_tree_nr_14,MSTreIUnion_tree_nr_14,MSTreIUnion_tree_nr_14,MSTreIUnion_tree_nr_15,MSTreIUnion_tree_nr_15,MSTreIUnion_tree_nr_15,MSTreIUnion_tree_nr_15,MSTreIUnion_tree_nr_15,MSTreIUnion_tree_nr_16,MSTreIUnion_tree_nr_16,MSTreIUnion_tree_nr_16,MSTreIUnion_tree_nr_16,MSTreIUnion_tree_nr_16,MSTreIUnion_tree_nr_17,MSTreIUnion_tree_nr_17,MSTreIUnion_tree_nr_17,MSTreIUnion_tree_nr_17,MSTreIUnion_tree_nr_17,MSTreIUnion_tree_nr_18,MSTreIUnion_tree_nr_18,MSTreIUnion_tree_nr_18,MSTreIUnion_tree_nr_18,MSTreIUnion_tree_nr_18,MSTreIUnion_tree_nr_19,MSTreIUnion_tree_nr_19,MSTreIUnion_tree_nr_19,MSTreIUnion_tree_nr_19,MSTreIUnion_tree_nr_19,MSTreIDisjU_tree_nr_0,MSTreIDisjU_tree_nr_0,MSTreIDisjU_tree_nr_0,MSTreIDisjU_tree_nr_0,MSTreIDisjU_tree_nr_0,MSTreIDisjU_tree_nr_1,MSTreIDisjU_tree_nr_1,MSTreIDisjU_tree_nr_1,MSTreIDisjU_tree_nr_1,MSTreIDisjU_tree_nr_1,MSTreIDisjU_tree_nr_2,MSTreIDisjU_tree_nr_2,MSTreIDisjU_tree_nr_2,MSTreIDisjU_tree_nr_2,MSTreIDisjU_tree_nr_2,MSTreIDisjU_tree_nr_3,MSTreIDisjU_tree_nr_3,MSTreIDisjU_tree_nr_3,MSTreIDisjU_tree_nr_3,MSTreIDisjU_tree_nr_3,MSTreIDisjU_tree_nr_4,MSTreIDisjU_tree_nr_4,MSTreIDisjU_tree_nr_4,MSTreIDisjU_tree_nr_4,MSTreIDisjU_tree_nr_4,MSTreIDisjU_tree_nr_5,MSTreIDisjU_tree_nr_5,MSTreIDisjU_tree_nr_5,MSTreIDisjU_tree_nr_5,MSTreIDisjU_tree_nr_5,MSTreIDisjU_tree_nr_6,MSTreIDisjU_tree_nr_6,MSTreIDisjU_tree_nr_6,MSTreIDisjU_tree_nr_6,MSTreIDisjU_tree_nr_6,MSTreIDisjU_tree_nr_7,MSTreIDisjU_tree_nr_7,MSTreIDisjU_tree_nr_7,MSTreIDisjU_tree_nr_7,MSTreIDisjU_tree_nr_7,MSTreIDisjU_tree_nr_8,MSTreIDisjU_tree_nr_8,MSTreIDisjU_tree_nr_8,MSTreIDisjU_tree_nr_8,MSTreIDisjU_tree_nr_8,MSTreIDisjU_tree_nr_9,MSTreIDisjU_tree_nr_9,MSTreIDisjU_tree_nr_9,MSTreIDisjU_tree_nr_9,MSTreIDisjU_tree_nr_9,MSTreIDisjU_tree_nr_10,MSTreIDisjU_tree_nr_10,MSTreIDisjU_tree_nr_10,MSTreIDisjU_tree_nr_10,MSTreIDisjU_tree_nr_10,MSTreIDisjU_tree_nr_11,MSTreIDisjU_tree_nr_11,MSTreIDisjU_tree_nr_11,MSTreIDisjU_tree_nr_11,MSTreIDisjU_tree_nr_11,MSTreIDisjU_tree_nr_12,MSTreIDisjU_tree_nr_12,MSTreIDisjU_tree_nr_12,MSTreIDisjU_tree_nr_12,MSTreIDisjU_tree_nr_12,MSTreIDisjU_tree_nr_13,MSTreIDisjU_tree_nr_13,MSTreIDisjU_tree_nr_13,MSTreIDisjU_tree_nr_13,MSTreIDisjU_tree_nr_13,MSTreIDisjU_tree_nr_14,MSTreIDisjU_tree_nr_14,MSTreIDisjU_tree_nr_14,MSTreIDisjU_tree_nr_14,MSTreIDisjU_tree_nr_14,MSTreIDisjU_tree_nr_15,MSTreIDisjU_tree_nr_15,MSTreIDisjU_tree_nr_15,MSTreIDisjU_tree_nr_15,MSTreIDisjU_tree_nr_15,MSTreIDisjU_tree_nr_16,MSTreIDisjU_tree_nr_16,MSTreIDisjU_tree_nr_16,MSTreIDisjU_tree_nr_16,MSTreIDisjU_tree_nr_16,MSTreIDisjU_tree_nr_17,MSTreIDisjU_tree_nr_17,MSTreIDisjU_tree_nr_17,MSTreIDisjU_tree_nr_17,MSTreIDisjU_tree_nr_17,MSTreIDisjU_tree_nr_18,MSTreIDisjU_tree_nr_18,MSTreIDisjU_tree_nr_18,MSTreIDisjU_tree_nr_18,MSTreIDisjU_tree_nr_18,MSTreIDisjU_tree_nr_19,MSTreIDisjU_tree_nr_19,MSTreIDisjU_tree_nr_19,MSTreIDisjU_tree_nr_19,MSTreIDisjU_tree_nr_19,MSTreIConst_tree_nr_0,MSTreIConst_tree_nr_0,MSTreIConst_tree_nr_0,MSTreIConst_tree_nr_0,MSTreIConst_tree_nr_0,MSTreIConst_tree_nr_1,MSTreIConst_tree_nr_1,MSTreIConst_tree_nr_1,MSTreIConst_tree_nr_1,MSTreIConst_tree_nr_1,MSTreIConst_tree_nr_2,MSTreIConst_tree_nr_2,MSTreIConst_tree_nr_2,MSTreIConst_tree_nr_2,MSTreIConst_tree_nr_2,MSTreIConst_tree_nr_3,MSTreIConst_tree_nr_3,MSTreIConst_tree_nr_3,MSTreIConst_tree_nr_3,MSTreIConst_tree_nr_3,MSTreIConst_tree_nr_4,MSTreIConst_tree_nr_4,MSTreIConst_tree_nr_4,MSTreIConst_tree_nr_4,MSTreIConst_tree_nr_4,MSTreIConst_tree_nr_5,MSTreIConst_tree_nr_5,MSTreIConst_tree_nr_5,MSTreIConst_tree_nr_5,MSTreIConst_tree_nr_5,MSTreIConst_tree_nr_6,MSTreIConst_tree_nr_6,MSTreIConst_tree_nr_6,MSTreIConst_tree_nr_6,MSTreIConst_tree_nr_6,MSTreIConst_tree_nr_7,MSTreIConst_tree_nr_7,MSTreIConst_tree_nr_7,MSTreIConst_tree_nr_7,MSTreIConst_tree_nr_7,MSTreIConst_tree_nr_8,MSTreIConst_tree_nr_8,MSTreIConst_tree_nr_8,MSTreIConst_tree_nr_8,MSTreIConst_tree_nr_8,MSTreIConst_tree_nr_9,MSTreIConst_tree_nr_9,MSTreIConst_tree_nr_9,MSTreIConst_tree_nr_9,MSTreIConst_tree_nr_9,MSTreIConst_tree_nr_10,MSTreIConst_tree_nr_10,MSTreIConst_tree_nr_10,MSTreIConst_tree_nr_10,MSTreIConst_tree_nr_10,MSTreIConst_tree_nr_11,MSTreIConst_tree_nr_11,MSTreIConst_tree_nr_11,MSTreIConst_tree_nr_11,MSTreIConst_tree_nr_11,MSTreIConst_tree_nr_12,MSTreIConst_tree_nr_12,MSTreIConst_tree_nr_12,MSTreIConst_tree_nr_12,MSTreIConst_tree_nr_12,MSTreIConst_tree_nr_13,MSTreIConst_tree_nr_13,MSTreIConst_tree_nr_13,MSTreIConst_tree_nr_13,MSTreIConst_tree_nr_13,MSTreIConst_tree_nr_14,MSTreIConst_tree_nr_14,MSTreIConst_tree_nr_14,MSTreIConst_tree_nr_14,MSTreIConst_tree_nr_14,MSTreIConst_tree_nr_15,MSTreIConst_tree_nr_15,MSTreIConst_tree_nr_15,MSTreIConst_tree_nr_15,MSTreIConst_tree_nr_15,MSTreIConst_tree_nr_16,MSTreIConst_tree_nr_16,MSTreIConst_tree_nr_16,MSTreIConst_tree_nr_16,MSTreIConst_tree_nr_16,MSTreIConst_tree_nr_17,MSTreIConst_tree_nr_17,MSTreIConst_tree_nr_17,MSTreIConst_tree_nr_17,MSTreIConst_tree_nr_17,MSTreIConst_tree_nr_18,MSTreIConst_tree_nr_18,MSTreIConst_tree_nr_18,MSTreIConst_tree_nr_18,MSTreIConst_tree_nr_18,MSTreIConst_tree_nr_19,MSTreIConst_tree_nr_19,MSTreIConst_tree_nr_19,MSTreIConst_tree_nr_19,MSTreIConst_tree_nr_19,MSTreIRandd_tree_nr_0,MSTreIRandd_tree_nr_0,MSTreIRandd_tree_nr_0,MSTreIRandd_tree_nr_0,MSTreIRandd_tree_nr_0,MSTreIRandd_tree_nr_1,MSTreIRandd_tree_nr_1,MSTreIRandd_tree_nr_1,MSTreIRandd_tree_nr_1,MSTreIRandd_tree_nr_1,MSTreIRandd_tree_nr_2,MSTreIRandd_tree_nr_2,MSTreIRandd_tree_nr_2,MSTreIRandd_tree_nr_2,MSTreIRandd_tree_nr_2,MSTreIRandd_tree_nr_3,MSTreIRandd_tree_nr_3,MSTreIRandd_tree_nr_3,MSTreIRandd_tree_nr_3,MSTreIRandd_tree_nr_3,MSTreIRandd_tree_nr_4,MSTreIRandd_tree_nr_4,MSTreIRandd_tree_nr_4,MSTreIRandd_tree_nr_4,MSTreIRandd_tree_nr_4,MSTreIRandd_tree_nr_5,MSTreIRandd_tree_nr_5,MSTreIRandd_tree_nr_5,MSTreIRandd_tree_nr_5,MSTreIRandd_tree_nr_5,MSTreIRandd_tree_nr_6,MSTreIRandd_tree_nr_6,MSTreIRandd_tree_nr_6,MSTreIRandd_tree_nr_6,MSTreIRandd_tree_nr_6,MSTreIRandd_tree_nr_7,MSTreIRandd_tree_nr_7,MSTreIRandd_tree_nr_7,MSTreIRandd_tree_nr_7,MSTreIRandd_tree_nr_7,MSTreIRandd_tree_nr_8,MSTreIRandd_tree_nr_8,MSTreIRandd_tree_nr_8,MSTreIRandd_tree_nr_8,MSTreIRandd_tree_nr_8,MSTreIRandd_tree_nr_9,MSTreIRandd_tree_nr_9,MSTreIRandd_tree_nr_9,MSTreIRandd_tree_nr_9,MSTreIRandd_tree_nr_9,MSTreIRandd_tree_nr_10,MSTreIRandd_tree_nr_10,MSTreIRandd_tree_nr_10,MSTreIRandd_tree_nr_10,MSTreIRandd_tree_nr_10,MSTreIRandd_tree_nr_11,MSTreIRandd_tree_nr_11,MSTreIRandd_tree_nr_11,MSTreIRandd_tree_nr_11,MSTreIRandd_tree_nr_11,MSTreIRandd_tree_nr_12,MSTreIRandd_tree_nr_12,MSTreIRandd_tree_nr_12,MSTreIRandd_tree_nr_12,MSTreIRandd_tree_nr_12,MSTreIRandd_tree_nr_13,MSTreIRandd_tree_nr_13,MSTreIRandd_tree_nr_13,MSTreIRandd_tree_nr_13,MSTreIRandd_tree_nr_13,MSTreIRandd_tree_nr_14,MSTreIRandd_tree_nr_14,MSTreIRandd_tree_nr_14,MSTreIRandd_tree_nr_14,MSTreIRandd_tree_nr_14,MSTreIRandd_tree_nr_15,MSTreIRandd_tree_nr_15,MSTreIRandd_tree_nr_15,MSTreIRandd_tree_nr_15,MSTreIRandd_tree_nr_15,MSTreIRandd_tree_nr_16,MSTreIRandd_tree_nr_16,MSTreIRandd_tree_nr_16,MSTreIRandd_tree_nr_16,MSTreIRandd_tree_nr_16,MSTreIRandd_tree_nr_17,MSTreIRandd_tree_nr_17,MSTreIRandd_tree_nr_17,MSTreIRandd_tree_nr_17,MSTreIRandd_tree_nr_17,MSTreIRandd_tree_nr_18,MSTreIRandd_tree_nr_18,MSTreIRandd_tree_nr_18,MSTreIRandd_tree_nr_18,MSTreIRandd_tree_nr_18,MSTreIRandd_tree_nr_19,MSTreIRandd_tree_nr_19,MSTreIRandd_tree_nr_19,MSTreIRandd_tree_nr_19,MSTreIRandd_tree_nr_19
(50;5;30),5,2,2,2,2,2,2,2,2,2,2,2,66,2,2,10,2,110,2,2,2,1,1,1,1,1,2,2,2,2,2,2,2,2,2,2,2,2,2,2,27,2,2,2,2,2,2,2,2,2,5,2,2,2,2,2,86,2,2,2,2,2,2,2,2,2,2,2,2,2,2,2,2,2,2,2,2,2,34,2,2,2,2,2,30,2,2,2,2,2,2,2,10,2,2,2,2,2,2,2,2,1,66,2,189,2,2,2,2,2,1,1,1,1,1,1,36,1,436,1,1,1,1,1,1,1,1,1,1,1,1,1,1,1,1,1,2,1,46,2,1,1,1,1,13,1,1,1,1,1,1,1,1,1,1,1,1,52,58,1,1,1,1,8,1,1,13,1,1,1,1,1,1,101,1,1,2,1,1,2,1,10,1,1,1,1,3,1,1,1,1,1,1,1,1,1,1,1,46,17,1,5,2,2,10,2,2,2,2,2,2,2,2,2,2,2,2,20,18,2,2,1,1,1,1,1,1,1,1,17,3,42,1,2,1,1,2,2,2,2,2,2,1,1,107,1,2,2,6,2,2,2,2,2,2,6,2,2,2,2,2,1,1,1,1,1,1,1,1,1,1,2,2,2,10,2,13,2,2,2,2,2,1,1,2,12,2,2,2,6,2,2,2,2,1,2,2,2,35,2,2,1,1,360,1,1,1,1,1,1,13,16,1,1,1,17,1,1,1,1,2,1,1,1,1,1,1,1,1,1,1,1,1,1,1,1,1,1,1,1,1,1,1,1,1,1,1,1,3,1,4,1,1,1,65,45,1,26,1,1,22,1,1,1,1,1,1,1,1,1,1,1,1,1,1,1,1,1,1,1,1,1,1,1,1,1,1,1,1,1,1,1,1,1,1,1,1,1,1,1,1,1,1,1,1,1,1,1,8,1,1,1,13,1,1,1,9,1,1,1,1,1,1,1,1,1,1,1,17,1,1,33,1,1,1,1,1,1,2,1,1,1,1,1,1,1,1,1,1,1,1,1,1,1,1,1,1,1,1,10,9,1,1,1,1,1,1,1,1,1,1,1,1,1,1,1,1,1,1,1,1,1,1,1,1,1,1,1,1,1,1,1,1,1,1,1,1,1,1,1,1,9,1,1,1,1,1,1,1,1,1,1,1,1,1,72,1,1,1,1,1,1,1,1,1,1,1,1,14,1,1,1,1,1,1,1,1,1,1,1,17,1,1,1,1,1,1,1,1,1,1,1,1,1,1,1,1,1,1,1,1,16,1,1,1,1,49,1,1,53,1,1,1,1,1,25,1,1,1,1,1,1,1,1,1,1,5,1,1,1,1,1,3,1,1,1,1,1,1,1,1
(50;5;40),5,1,1,1,1,1,1,1,1,1,18,1,1,1,1,1,37,1,1,1,1,2,2,2,2,2,1,1,1,1,21,1,1,9,1,1,1,1,1,1,1,1,1,1,1,2,1,7,5,1,3,1,1,1,1,2,2,1,2,2,1,1,50,1,1,1,1,1,1,1,1,1,1,1,1,1,2,1,1,1,2,1,1,1,1,1,2,1,2,2,1,10,1,1,1,1,2,2,2,2,2,1,1,1,1,1,1,1,1,1,1,1,1,1,1,1,1,7,1,1,1,1,1,1,1,1,1,1,1,1,14,37,1,1,1,1,1,20,1,1,1,1,1,1,1,1,1,1,1,1,1,1,1,1,1,1,1,1,1,1,1,60,1,1,1,1,1,1,1,1,1,17,1,1,33,1,1,1,1,1,1,1,1,1,1,1,1,1,1,1,1,7,1,1,1,1,1,1,1,1,1,9,1,1,1,1,1,1,1,1,1,1,1,1,1,1,1,1,1,1,1,2,2,7,2,2,1,1,1,1,16,1,1,1,1,1,1,1,1,1,1,1,1,1,1,1,1,12,1,1,12,15,1,1,1,1,1,1,1,1,1,1,1,1,57,1,1,5,1,1,1,1,1,1,1,1,1,1,1,1,1,1,1,1,1,5,1,1,1,1,14,38,29,1,1,57,1,1,1,1,2,1,1,1,1,1,1,1,1,1,1,1,1,1,1,1,1,1,1,1,1,1,1,1,1,1,1,1,1,1,1,1,1,1,1,1,1,1,1,1,1,1,1,1,1,1,1,1,1,1,1,6,1,1,1,1,1,1,1,1,1,1,1,1,1,1,1,1,1,1,1,1,1,1,1,1,1,1,1,1,1,104,1,1,1,1,1,1,1,1,1,1,1,1,1,1,1,1,1,1,1,1,1,1,1,1,1,1,1,1,1,1,2,1,1,1,41,1,1,1,1,1,1,2,37,1,1,1,1,1,1,1,1,1,1,1,1,1,1,1,13,1,1,1,1,1,1,4,25,1,1,1,1,1,1,1,1,1,11,9,1,1,1,1,13,1,1,1,1,1,1,1,1,1,1,1,1,1,1,1,1,1,1,1,96,1,17,1,17,1,1,1,1,1,1,1,1,1,1,1,13,1,1,11,1,1,1,1,1,1,1,1,1,1,1,1,1,1,5,1,1,1,1,1,1,1,1,1,1,1,1,1,1,1,1,1,1,1,1,1,1,1,1,1,1,1,1,6,1,1,1,1,1,1,1,1,1,5,1,1,2,1,5,1,1,18,1,1,1,1,1,1,1,1,1,1,1,1,1,1,1,1,1,3,1,1,1,1,1,1,1,1,1,1,1,1,1,1,1,1,1
(50;5;50),5,1,1,1,1,1,1,6,1,1,1,41,1,1,2,1,1,1,1,1,1,1,1,28,1,13,1,1,1,1,1,1,1,1,1,1,1,1,1,1,1,1,39,1,1,33,1,1,1,1,1,1,1,19,1,13,1,1,4,1,1,2,1,1,1,1,1,1,1,1,1,58,1,1,1,1,1,1,1,1,1,1,1,1,1,1,1,1,1,1,37,224,1,1,45,1,1,1,1,1,1,1,1,9,1,1,30,1,1,1,1,24,1,1,1,1,1,1,1,1,1,1,1,1,1,1,1,1,1,105,1,1,1,1,1,1,1,1,1,1,1,1,1,1,1,1,1,1,1,5,1,1,1,1,1,149,1,1,1,1,1,1,1,1,1,1,1,1,1,1,1,1,1,1,1,1,1,1,1,1,1,1,1,1,1,1,1,1,1,1,1,1,106,1,1,1,1,1,1,1,1,1,1,1,1,1,1,1,8,1,1,1,1,1,1,1,1,1,1,1,1,1,1,1,1,1,1,1,1,1,99,1,1,1,1,1,1,1,1,1,1,1,1,1,1,5,1,1,1,1,1,1,1,16,37,1,1,1,1,1,1,1,1,1,1,1,1,1,58,1,1,1,1,1,1,1,1,1,1,1,1,1,1,1,1,15,1,1,1,1,1,45,1,1,92,1,1,1,1,1,1,1,1,1,1,1,0,0,0,1,1,1,1,1,1,1,1,1,1,1,1,1,1,28,1,1,1,1,1,1,1,1,1,1,1,1,1,1,13,1,21,1,1,1,31,1,1,1,1,1,1,1,1,1,1,1,1,1,1,1,1,1,1,1,1,1,1,1,3,1,1,1,1,1,1,1,1,1,1,1,1,0,0,1,0,0,1,1,1,1,1,1,1,1,1,1,0,1,1,21,0,1,1,1,1,1,0,0,0,0,0,108,1,0,3,1,1,1,1,1,1,1,1,1,1,1,1,1,1,149,1,1,1,0,1,1,13,0,1,1,1,1,1,1,1,1,1,1,1,1,1,1,1,1,27,1,2,0,1,0,1,1,1,1,1,1,1,1,1,1,1,1,1,1,1,1,1,0,1,1,0,0,0,0,1,0,1,1,1,1,1,32,1,1,1,9,0,0,0,0,1,1,1,1,1,1,1,9,1,0,1,154,1,1,1,1,1,1,1,1,1,1,1,1,1,1,1,1,1,1,1,1,1,1,1,1,1,1,1,1,1,1,23,1,4,1,1,1,1,1,1,1,1,1,1,1,1,1,1,1,1,5,1,1,1,1,1,1,1,1,1,1,1,1,1,1,1,1,1,1,1,1,0,1,1,16,1,1,1,1,1,1,1,1,1,1,1,1,1,19,1
(100;5;30),5,6,112,174,10,22,94,86,66,83,64,263,334,246,233,223,101,199,94,106,6,316,11,20,48,198,43,42,18,41,86,151,188,104,123,709,142,143,146,146,208,26,35,322,34,162,424,417,239,247,408,186,185,242,162,138,112,171,207,199,122,61,51,53,103,47,257,252,248,29,20,38,239,178,479,210,89,184,159,212,298,316,187,289,544,540,272,147,135,327,21,7,260,183,155,154,6,186,199,150,190,4,21,171,4,92,71,51,57,50,48,221,181,223,60,229,5,369,364,5,4,174,105,137,146,5,25,79,74,25,22,89,5,114,145,129,116,5,5,129,126,244,32,193,28,4,258,273,245,245,191,93,5,277,5,155,5,229,141,5,153,45,44,27,32,16,17,26,29,12,6,105,92,41,5,7,72,75,74,57,61,162,9,208,5,146,157,161,72,41,29,97,241,117,162,160,154,165,189,152,126,34,120,18,114,14,287,33,33,10,14,225,206,342,252,6,250,6,94,398,221,23,15,6,14,14,10,16,28,74,8,26,6,26,6,16,110,122,108,184,6,26,5,24,221,145,147,247,131,146,246,10,38,30,29,27,6,234,126,66,130,18,6,22,28,14,10,78,83,55,103,128,118,118,27,88,107,203,258,219,180,127,263,147,107,170,6,138,6,158,162,158,159,145,149,134,184,186,149,150,141,179,136,132,76,128,30,5,26,12,3,188,198,176,184,220,3,88,3,3,3,7,8,16,12,12,27,80,3,728,3,107,106,4,4,102,90,142,4,4,124,21,132,3,3,10,280,277,43,152,324,120,132,109,84,93,119,159,156,108,100,4,7,16,3,4,46,144,96,39,140,16,3,7,3,3,164,63,161,46,4,259,21,4,19,74,136,40,156,92,140,4,134,144,188,140,148,4,112,32,139,3,148,164,3,4,443,124,121,117,112,95,172,164,185,5,3,3,43,3,180,176,172,172,4,160,3,3,3,3,3,3,4,4,124,72,4,121,92,131,128,136,183,3,3,3,152,28,132,232,4,18,28,14,13,28,4,52,144,152,4,4,3,28,3,3,13,189,114,110,97,3,3,12,3,17,140,52,49,142,138,134,14,656,130,392,4,3,16,3,3,192,4,4,80,4,3,3,144,3,35,515,112,121,4,7,109,296,104,343,4,185,96,188,12,208,362,122,358,4,4,44,41,164,25,4,52,49,68,33,45,8,120,22,101,116,4,137,4,144,140,4,4,4,4,4,140,240,308,112,4,22,20,16,18,16,233,138,4,233,228,31,18,10,5,28,89,4,137,32,132,124,5,4,4,7,4,145,126,63,116,120,132,140,104,13,205,148,528,144,156,4,8,7,10,4,134,4,4,140,125
(100;5;40),5,165,13,4,20,4,206,152,81,5,21,197,166,170,164,155,4,8,4,80,9,110,116,121,110,102,57,33,33,61,37,166,162,154,162,152,73,119,114,108,103,17,5,18,17,13,10,14,15,8,6,68,38,68,59,58,5,17,16,9,4,35,46,47,51,37,58,14,70,78,54,285,42,36,29,5,168,987,154,154,148,9,18,18,17,13,184,175,5,5,43,147,154,153,141,140,122,146,165,150,77,27,3,3,4,460,4,4,4,4,16,164,112,160,320,109,3,7,3,3,17,103,17,96,32,98,20,36,58,54,49,140,140,4,131,125,4,96,60,88,48,4,31,12,13,26,118,156,32,4,115,58,54,37,180,196,3,4,4,4,3,40,4,35,26,21,80,100,24,100,21,4,26,272,269,4,161,4,168,165,92,12,6,21,13,4,166,33,268,154,41,144,136,141,134,84,4,4,61,159,104,20,4,16,4,28,12,36,5,27,5,229,209,157,181,201,4,25,18,58,15,99,5,6,73,93,47,41,40,729,5,188,5,162,159,135,224,125,97,101,134,15,10,15,5,5,11,113,5,30,25,228,214,214,198,210,12,16,80,12,4,29,19,37,26,21,38,153,125,109,157,98,97,98,89,93,146,169,185,183,144,37,36,31,25,11,149,33,150,38,137,186,132,122,181,155,156,136,110,173,189,3,3,3,3,11,4,3,3,3,25,3,3,3,28,136,3,3,3,3,3,3,3,3,31,93,4,24,3,32,3,3,3,3,3,3,3,3,3,3,3,3,3,3,26,3,3,3,3,3,67,3,33,28,12,3,3,3,10,3,3,3,3,3,27,3,3,3,3,3,3,3,3,3,7,3,139,3,3,3,3,3,3,15,3,3,20,15,15,7,10,3,3,3,15,3,3,3,3,39,3,3,13,3,22,19,3,3,3,8,3,3,3,3,3,3,3,6,3,3,7,3,3,3,3,23,3,3,3,3,3,104,3,3,3,3,3,3,3,3,3,3,3,6,3,3,3,3,7,3,3,3,3,18,3,20,3,3,3,3,3,3,3,3,3,7,3,3,3,3,3,3,3,17,3,3,3,3,3,3,39,3,10,3,3,3,3,3,3,3,3,19,3,3,3,3,3,3,3,3,3,3,3,3,3,3,3,4,4,16,7,3,3,3,4,3,3,18,14,15,4,3,284,35,84,88,17,13,10,6,52,55,133,123,141,129,3,3,3,109,3,3,3,5,3,3,3,8,4,4,4,10,7,276,9,172,24,3,14,3,23,20,12,14,4,4,60,3,4,11,92,3,3,3,3,3,4,112,192,3,304,3,3,3,3,3,3,22,64,104,4,116,8,8,3,3,92,3,3,3,108
(100;5;50),5,188,17,4,148,4,157,154,150,6,144,46,42,40,35,29,117,115,115,106,106,110,104,15,101,97,21,24,16,4,4,9,6,5,5,17,112,101,4,84,208,123,109,117,97,5,8,28,21,247,24,223,130,105,205,102,4,4,37,15,23,17,8,13,144,141,159,125,157,5,5,68,55,45,38,31,66,68,4,4,4,5,53,33,21,11,236,234,232,217,223,152,156,151,150,150,46,37,30,18,5,3,3,3,3,103,3,3,3,3,3,3,20,17,18,12,100,196,92,88,82,3,3,7,7,3,3,3,3,3,3,3,4,4,3,3,3,3,3,3,3,4,263,164,168,324,3,3,3,3,3,4,15,4,81,44,3,3,3,3,39,3,3,3,3,3,3,227,56,3,135,27,3,3,3,22,3,3,3,7,3,3,4,60,5,7,4,3,3,3,267,3,3,3,3,3,17,23,4,4,19,4,20,4,3,10,168,240,240,208,231,259,80,93,4,119,5,149,38,33,130,192,101,96,4,4,24,3,3,3,3,20,15,10,6,60,4,197,73,140,68,13,21,13,18,10,4,42,37,32,136,73,4,213,72,60,44,4,40,56,4,169,160,4,137,134,5,152,4,4,28,4,8,13,15,14,4,80,20,4,4,72,12,11,6,5,4,4,292,276,252,21,142,144,12,6,18,13,32,29,26,3,3,283,3,3,3,3,3,3,3,3,136,3,3,23,3,3,11,3,3,3,3,115,3,19,2,2,3,2,3,3,23,3,3,23,3,3,3,3,95,3,3,3,4,3,3,82,3,3,3,3,3,3,3,79,96,3,3,3,3,3,3,3,3,3,3,3,11,3,3,3,3,3,3,7,3,3,3,3,3,3,3,3,3,3,3,3,103,3,3,2,2,2,2,2,3,3,3,3,31,2,3,6,295,7,3,3,3,3,3,3,3,40,3,11,3,3,3,3,3,3,2,2,6,3,2,2,2,2,63,3,3,3,3,3,3,3,3,3,3,3,7,3,3,3,3,3,3,2,2,3,3,3,77,3,3,3,3,3,3,3,3,3,3,39,3,3,3,3,3,3,3,43,3,18,3,3,3,3,3,3,3,3,6,3,19,3,3,3,3,2,2,2,13,2,3,3,27,3,3,3,3,3,3,86,3,3,55,3,3,113,3,3,3,3,19,3,3,3,3,93,155,152,3,3,3,3,3,3,3,36,3,11,3,11,21,3,3,3,82,43,3,11,3,3,12,3,14,17,3,31,3,3,3,3,3,3,3,3,3,3,3,19,6,3,3,3,3,3,3,3,3,7,3,3,3,3,3,3,3,3,31,3,23,3,3,3,3,50,3,18,3,3,5,3,3,3,3,3,3
(200;5;30),5,254,1132,595,1364,147,834,1170,519,888,799,662,690,726,697,720,415,565,541,319,323,554,426,367,235,335,1116,1185,1175,1280,1129,589,684,665,474,680,874,829,769,844,741,627,361,203,247,329,739,435,681,337,717,871,1162,1037,1147,1038,870,899,968,1173,958,858,910,859,927,807,438,533,500,853,744,1062,1054,1156,1055,993,575,458,156,603,623,677,707,653,768,718,969,902,877,948,847,690,752,709,748,730,545,548,510,422,503,94,570,128,773,867,501,308,620,479,490,425,241,185,261,402,291,254,191,136,171,432,236,104,162,236,839,977,887,667,933,474,372,458,519,485,486,453,509,351,498,489,397,404,311,584,146,521,209,597,135,744,887,738,884,719,751,890,754,870,745,589,679,679,717,673,171,119,213,503,356,705,748,753,728,746,133,263,117,160,128,712,375,625,437,581,610,586,514,586,718,522,496,479,537,425,382,492,383,432,425,49,398,605,25,428,576,886,557,819,586,706,558,562,693,821,454,496,437,522,629,373,281,400,302,348,996,931,985,592,399,597,337,538,474,586,448,734,550,614,571,496,141,218,279,341,663,292,195,641,285,1088,994,1151,960,960,797,881,1021,937,750,676,915,852,724,670,414,611,451,329,611,844,937,866,969,810,225,280,300,335,337,588,463,620,611,570,810,783,790,813,950,521,649,658,628,566,488,564,414,528,496,61,368,22,117,91,373,393,419,438,309,156,153,316,245,250,59,142,31,183,51,46,397,441,423,53,852,1040,789,692,603,289,231,361,375,338,498,119,339,313,191,40,39,52,17,41,288,185,159,75,375,564,567,623,811,547,436,667,590,390,618,306,330,339,338,315,368,292,150,237,268,567,688,579,680,591,137,45,117,96,102,366,364,366,352,378,414,450,426,543,425,413,468,422,365,421,298,326,341,310,324,753,281,588,69,72,268,222,189,130,332,83,440,204,184,182,209,368,277,300,118,540,120,438,93,120,742,667,592,450,366,375,355,330,311,324,250,230,301,206,375,398,341,345,320,370,449,122,389,387,139,604,681,619,583,650,427,608,447,694,717,495,513,387,421,466,65,360,336,193,159,622,506,708,646,586,94,101,49,91,205,345,394,257,321,405,458,542,442,442,430,401,393,385,383,383,325,368,308,285,276,286,740,138,252,304,246,321,393,311,291,248,596,203,291,514,617,580,540,151,545,414,138,525,327,188,703,753,740,843,711,461,374,332,456,437,259,297,400,500,464,276,269,276,382,203,185,146,143,271,478,570,717,716,423,1017,451,506,656,517,455,607,671,371,502,592,312,302,498,274,254,591,706,626,567,617,177,280,126,260,82,407,363,552,338,509,439,451,455,426,501,414,315,369,446,343,243,325,295,354,420
(200;5;40),5,171,50,26,71,47,886,1049,933,1074,1045,658,819,822,846,813,564,288,628,248,439,725,615,615,736,717,408,285,103,250,248,823,777,880,751,527,782,943,853,534,512,339,314,433,320,289,338,535,411,555,560,760,606,793,451,698,277,213,135,236,160,189,149,98,172,115,749,753,686,845,783,758,841,805,702,739,342,369,407,250,535,433,786,513,556,820,648,462,497,559,622,854,933,946,822,875,160,118,246,147,199,103,128,540,129,607,1020,1115,841,537,791,575,481,765,581,643,165,243,171,267,183,1065,297,456,283,282,76,132,41,139,407,637,401,272,624,641,482,387,498,412,640,305,201,127,213,205,263,265,231,403,456,86,30,98,86,86,119,54,272,155,119,14,91,251,53,13,392,704,690,692,644,509,457,367,412,520,428,337,47,456,303,559,375,554,320,374,669,322,284,302,216,685,724,713,688,708,77,71,189,63,189,937,83,471,36,859,736,568,993,1007,633,804,732,784,715,664,278,293,522,179,290,413,422,322,346,563,96,416,140,244,236,357,508,748,384,695,528,619,420,718,641,497,179,413,123,405,557,458,450,602,454,269,225,296,259,681,117,321,154,169,185,63,146,71,50,225,742,753,641,724,689,347,485,498,359,485,205,298,278,323,107,598,509,577,699,614,527,451,357,479,507,1019,810,840,673,985,373,269,180,380,364,31,514,514,491,48,403,1117,901,782,554,450,531,444,492,524,317,66,69,260,41,557,298,302,432,305,83,67,93,71,150,314,325,29,493,241,197,306,292,600,598,59,43,148,112,63,440,441,351,327,407,84,82,161,252,87,65,55,25,209,45,45,355,340,412,373,436,509,737,804,468,189,304,123,250,280,177,268,253,244,170,368,371,364,504,317,235,35,43,55,37,542,530,533,640,459,52,182,52,182,40,651,38,13,328,338,400,422,784,530,375,478,494,461,494,621,105,124,420,401,152,196,225,334,200,217,97,451,99,389,82,145,28,490,253,180,536,17,167,479,440,11,120,59,43,35,256,301,344,266,244,95,507,59,111,79,56,207,61,40,37,117,493,462,243,247,162,572,503,638,519,232,157,228,46,144,34,35,328,245,35,414,533,343,307,500,164,60,345,150,285,828,431,509,548,610,91,19,55,180,19,31,32,29,603,658,1262,588,787,653,683,522,529,546,334,502,445,427,421,433,149,274,322,469,296,300,230,124,64,122,129,488,382,471,484,408,156,582,800,346,94,97,347,48,144,398,322,402,332,401,369,609,606,424,612,551,22,674,61,223,38,472,16,470,48,53,764,602,635,592,520,271,139,139,123,268,111,156,50,23,311,362,516,611,388,390,150,63,31,211,260,672,564,595,615,510,175,37,33,581,568
(200;5;50),5,86,446,63,31,531,901,571,737,583,826,253,254,327,256,274,648,679,752,630,714,538,445,503,354,364,185,287,115,51,154,301,424,423,339,361,280,275,117,124,247,192,64,282,114,290,575,732,716,625,591,488,488,393,488,446,491,620,603,569,703,352,544,347,479,264,325,557,352,352,233,530,542,670,685,648,403,524,656,572,499,708,1039,757,718,780,220,239,248,195,343,387,229,229,320,336,472,470,393,315,410,147,81,532,440,72,551,355,573,386,621,272,284,280,281,328,507,443,534,439,868,289,413,336,349,405,160,160,171,133,103,109,328,177,344,162,280,352,38,252,240,427,376,334,310,369,619,663,497,564,628,351,361,299,337,361,800,610,605,419,314,241,317,314,281,337,545,531,501,174,334,549,513,514,527,489,466,469,373,469,454,645,586,614,457,622,398,600,379,327,429,213,95,229,185,213,410,159,386,276,279,733,206,349,289,284,334,569,412,477,361,438,263,383,394,267,475,543,749,77,19,369,502,753,759,298,97,267,82,329,86,170,356,343,66,24,236,108,390,109,505,22,94,522,187,522,515,599,503,571,684,487,347,414,564,343,236,179,199,243,177,272,451,302,211,92,465,355,309,428,301,501,490,588,348,499,553,383,509,427,528,753,586,690,744,720,79,499,635,147,288,228,216,187,193,166,403,405,524,292,361,248,147,326,21,197,677,522,263,324,487,239,21,46,17,46,325,40,210,206,214,374,256,177,186,191,82,14,29,14,23,135,564,142,111,403,96,90,65,20,61,142,134,167,334,30,307,571,675,255,267,256,219,288,249,266,242,255,244,352,222,51,67,31,30,30,153,111,132,112,100,343,67,431,536,442,114,175,227,151,250,574,454,443,451,423,519,34,47,210,280,122,95,87,135,83,312,258,263,262,263,18,22,29,29,37,407,477,167,301,268,158,264,209,206,182,65,22,71,31,70,106,230,238,286,397,179,210,226,209,229,235,226,27,314,118,26,78,116,102,326,196,418,31,325,74,573,262,266,379,359,285,223,273,285,268,222,58,355,245,367,105,51,58,54,58,63,39,339,219,301,322,470,83,222,239,250,342,210,212,205,391,445,289,351,553,118,210,74,143,50,103,196,42,94,90,395,257,266,254,238,504,28,813,503,51,33,418,253,354,442,359,511,271,187,263,295,24,48,46,85,105,405,105,387,275,110,159,135,150,129,664,456,245,294,89,50,27,48,102,196,92,363,395,47,38,453,379,548,375,607,212,263,255,203,368,109,119,123,159,123,316,304,51,64,284,137,432,332,104,325,419,367,373,365,127,231,412,227,251,472,616,594,596,451,418,127,59,210,12,68,91,83,83,94,90,269,319,274,314,258
(500;5;30),5,4535,4583,4574,4589,4598,4467,4731,4442,4443,4402,4270,3589,3938,3526,3815,4702,4366,4767,4414,4730,4046,4093,3816,3968,4124,3243,3255,3064,3146,3278,2804,2677,2678,2695,2713,3166,3023,3106,3158,3158,2896,2857,2879,2912,2843,2989,2973,3100,2931,2942,2802,2777,2925,2734,2862,3348,3261,3247,3235,3210,2677,2717,2724,2625,2726,2918,2889,2962,3146,2858,2987,3050,3130,3057,3077,2213,2280,2125,2158,2269,1909,1993,1971,1918,1914,2117,2314,2356,2225,2353,1928,2105,2029,2084,2004,2088,2163,2101,2070,2194,3771,3916,3299,3248,3419,3032,2749,3009,2943,3076,2657,2797,2690,2623,2711,3517,3657,3588,3489,3861,2950,2969,2911,2849,3173,2592,2499,2689,2550,2666,1956,2199,2049,2122,2140,2277,2203,2296,2291,2274,2251,2311,2310,2357,2295,2415,2617,2513,2393,2513,2175,2121,2181,2171,2190,2530,2326,2403,2382,2307,2136,2105,2185,2060,2096,2352,2301,2110,2318,2367,2088,2076,2130,2136,2132,1769,1666,1729,1688,1812,1391,1442,1532,1493,1482,1699,1785,1741,1606,1625,1664,1652,1509,1602,1522,1828,1808,1727,1844,1765,4078,4221,4158,4383,4187,3232,3779,3510,4126,3707,3436,3557,3525,3562,3469,4234,4400,4068,3959,3825,3575,3406,3355,3436,3778,3054,3118,2931,2951,2900,2486,2451,2485,2619,2503,2845,2774,2775,2912,2720,2633,2681,2649,2722,2704,2777,2717,2802,2834,2689,2534,2533,2486,2450,2555,2955,3010,2839,2945,2932,2465,2450,2547,2530,2441,2631,2604,2623,2698,2624,2690,2688,2708,2590,2667,2110,2127,1979,1990,1945,1754,1803,1748,1884,1726,2141,2149,2025,2183,2050,1797,1870,1941,2048,1877,2045,2015,2035,2019,2037,2899,2579,3305,2642,2639,2044,2096,2143,2115,2052,2161,2221,2623,2265,2349,3446,3058,3001,3229,3174,2389,2413,2539,2489,2463,2104,2166,2228,2244,2170,1647,1742,1673,1737,1741,1755,1730,1690,1738,1830,1816,1939,1865,1883,2109,2125,2111,2062,2175,2154,1667,1784,1750,1771,1761,1845,1918,1967,1893,1942,1711,1689,1538,1742,1719,2125,2028,2096,1923,2091,1706,1703,1706,1651,1688,1422,1326,1484,1409,1462,1135,1153,1165,1162,1110,1376,1412,1375,1476,1377,1448,1453,1437,1413,1448,1573,1514,1485,1606,1538,3404,2737,3402,2916,2860,2013,1973,2186,2152,2166,2207,2147,2213,2299,2405,3198,2803,2753,2918,2811,2430,2535,2404,2529,2355,2002,2252,2107,2212,2085,1690,1719,1669,1727,1722,1758,1778,1826,1657,1749,1878,1985,1925,1952,1921,2134,2149,2110,2071,1982,1637,1688,1686,1603,1734,1883,1955,1921,1835,1910,1716,1742,1816,1781,1759,2252,1879,2025,2054,1950,1629,1723,1732,1655,1633,1392,1376,1311,1363,1448,1197,1079,1174,1117,1165,1318,1348,1402,1407,1416,1373,1246,1376,1299,1370,1540,1454,1505,1481,1567,3646,3400,3124,3273,3184,2681,2793,2335,2778,2542,2652,2795,2631,2805,2443,3432,3487,3141,3477,3216,2749,2907,2592,2773,2819,2456,2406,2439,2366,2429,2003,1891,1911,1940,1858,2154,2128,2136,2024,2156,2261,2159,2162,2177,2229,2328,2236,2315,2356,2379,2027,2021,2030,2028,2062,2375,2368,2321,2362,2266,2009,1950,1949,1809,1951,2242,2263,2240,2237,2344,2126,2121,1919,1772,1773,1538,1613,1588,1711,1660,1290,1026,1422,1368,1337,1661,1490,1627,1554,1530,1467,1529,1524,1520,1479,1641,1713,1669,1622,1635
(500;5;40),5,3466,3511,1357,2948,3361,2600,2321,2355,2292,2224,2854,3008,2743,2844,3071,3333,2846,3326,3157,2905,3264,3336,3116,3235,2990,3234,3221,3375,3166,3540,3378,3338,3377,3360,3368,2483,2507,2537,2553,2555,2060,1977,2057,2095,2025,2031,2115,2081,2099,2021,2206,2289,2167,2158,2189,2708,2724,2715,2690,2737,2349,2484,2283,2293,2099,2014,1972,1937,1927,2055,2232,2070,2067,2044,1968,2226,2329,2269,2227,2266,2263,2283,2282,2334,2201,2097,2038,2101,2130,2113,1941,1923,1952,2028,1895,1642,1696,1690,1707,1639,1812,2415,2643,2604,2281,2170,2210,2036,2117,2100,2063,2714,2631,2010,2605,2483,2429,2467,2533,2462,2082,2684,2756,2507,2319,2829,2843,2557,2891,2649,2705,2715,2623,2684,2630,1827,2186,1987,1941,2166,1553,1561,1621,1647,1407,1591,1693,1670,1621,1663,1793,1789,1779,1760,1795,2282,2198,2301,2235,2268,1792,1697,1684,1686,1654,1680,1652,1387,1734,1555,1664,1630,1669,1644,1685,1866,1811,1920,1841,1826,1935,2026,1863,1739,1910,1707,1647,1789,1687,1769,1456,1568,1560,1496,1589,1444,1351,1423,1476,1356,1510,2543,3380,3510,3126,2302,2258,2376,2346,2669,2577,2643,3141,2536,2643,2766,2751,2683,2842,2693,3163,3066,3162,3205,3167,3070,3004,3041,3035,3229,3374,3241,3314,3289,3297,2439,2334,2415,2487,2498,1927,1938,1681,1898,1771,1874,1916,1928,1878,1939,2015,2056,2061,2044,2010,2564,2541,2533,2494,2520,2077,2068,2071,2056,2121,1835,1960,1929,1843,1803,1803,1879,2049,1897,2025,2121,2062,2139,2097,2165,2091,2112,2171,2213,2074,1944,2019,1969,2024,1986,1743,1756,1781,1762,1786,1665,1663,1653,1661,1658,2288,1342,1247,76,1409,1799,1779,2061,1575,1543,2515,2547,2186,2302,2510,2252,1779,1840,2081,1932,2550,2785,2667,2619,3044,2343,2263,2376,2335,2345,2544,2501,2166,2486,2425,1717,1844,1799,1638,1679,1159,1392,1296,1313,1394,1375,1402,1420,1259,1433,1621,1569,1626,1653,1623,1929,1965,1914,1963,1891,1434,1494,1457,1402,1447,1269,1421,1333,1196,1325,1483,1451,1474,1452,1490,1554,1627,1562,1655,1579,1728,1615,1698,1514,1720,1430,1549,1530,1446,1423,1228,1305,1324,1373,1289,1133,1156,1115,1142,1161,2155,1460,1803,1198,944,1819,1627,1719,1963,1631,1767,1800,1641,1824,1794,1832,1899,2041,2299,2394,2627,2349,2418,2857,2839,2670,2156,2229,2052,2018,2353,2275,2552,2371,2448,1876,1739,1667,1567,1583,1294,1367,1245,1295,1277,1292,1442,1384,1470,1400,1531,1504,1558,1528,1510,1876,1811,1847,1765,1781,1429,1431,1418,1471,1430,1304,1277,1361,1281,1295,1564,1512,1478,1472,1475,1553,1572,1617,1664,1534,1661,1642,1853,1804,1615,1527,1487,1469,1378,1498,1277,1320,1245,1290,1355,1293,1203,1315,1234,1304,2675,2226,1038,2599,2880,1810,1901,2015,1971,1818,2180,1809,2189,1862,2147,2450,2569,2319,2307,2451,2731,2760,2791,2798,3005,2520,2751,2265,2527,2547,2616,2616,2757,2690,2520,1928,1899,1858,1961,2032,1368,1424,1361,1339,1442,1475,1487,1564,1567,1628,1659,1701,1780,1667,1751,2138,2061,2038,2066,2063,1605,1621,1539,1642,1574,1309,1489,1299,1407,1304,1566,1636,1593,1609,1641,1716,1695,1678,1647,1692,1998,1869,1849,1826,1659,1614,1627,1651,1636,1570,1461,1439,1446,1386,1417,1291,1290,1290,1299,1284
(500;5;50),5,2636,2869,2641,2943,2709,2579,2872,2978,2974,2780,3674,3128,3426,3489,3213,2593,2428,2570,2326,2534,2730,2844,2690,2702,2640,1905,1985,1944,1977,1941,1861,1791,1803,1890,1810,1471,1638,1471,1617,1467,1994,1974,1895,1952,1849,1428,1391,1427,1375,1406,2079,2085,2136,2094,2109,2246,2247,2179,2330,2227,2289,2288,2275,2155,2261,1942,1849,1844,1838,1901,1670,1729,1753,1754,1579,1141,1142,1123,1067,1128,1369,1366,1363,1417,1380,1592,1573,1592,1664,1581,1640,1574,1551,1679,1624,992,1016,1033,971,974,2182,2326,1998,2198,2267,2144,2028,1961,2120,2231,2692,3041,3033,2707,2664,2042,2029,2074,2026,2152,2332,2342,2286,2276,2333,1690,1618,1606,1681,1700,1569,1538,1620,1454,1517,1112,1186,1128,1267,1378,1663,1662,1654,1668,1681,1191,1211,1229,1222,1240,1814,1740,1610,1843,1613,1737,1807,1821,1755,1650,1774,1779,2099,1831,1778,1454,1464,1486,1613,1556,1331,1393,1355,1358,1359,745,855,890,901,711,1095,1205,1123,1099,1184,1385,1287,1397,1335,1344,1446,1461,1440,1415,1426,802,794,828,786,759,3252,2909,2523,2750,2558,2561,2547,2509,2784,2269,3467,3186,3111,3290,3506,2299,2502,2344,2341,2113,2605,2617,2630,2539,2593,1906,1878,1868,1831,1854,1921,1892,1868,1907,1815,1423,1606,1413,1562,1303,1903,1846,1829,1837,1803,1365,1437,1378,1328,1327,1968,2027,2033,1976,2005,2135,2152,2169,2203,2198,2091,2023,2059,2073,2177,1768,1749,1839,1827,1730,1582,1531,1562,1549,1591,971,966,1047,989,993,1299,1372,1329,1295,1345,1599,1579,1502,1537,1570,1561,1635,1575,1560,1635,906,976,928,945,938,2006,1811,2001,1902,1974,1678,1824,2072,1702,1870,2274,2306,2659,2521,2613,2038,1828,1938,1933,1942,2066,2121,1987,2034,2035,1424,1498,1442,1481,1285,1146,1320,1279,1231,1142,1076,1135,1025,991,1079,1521,1383,1461,1441,1525,1082,1134,1082,1018,1156,1594,1466,1587,849,1543,1443,1441,1367,1383,1391,1563,1475,1559,1698,1587,1240,1232,1271,1266,1180,1142,1214,1199,1134,1214,686,658,616,737,651,1017,1058,1036,1043,1053,1179,1091,1135,1179,1235,1277,1274,1270,1284,1302,662,654,600,664,663,1868,1753,1637,1840,1906,1794,1844,2273,1951,1829,2459,2634,2470,2518,2434,1814,1845,1787,1741,1996,2043,1990,2025,1822,1795,1450,1445,1337,1446,1378,1130,1249,1097,1087,1123,956,904,974,884,855,1448,1536,1457,1375,1474,1122,1064,1060,1101,995,1503,1550,1525,1578,1569,1346,1387,1503,1386,1343,1772,1657,1519,1656,1568,1256,1403,1247,1198,1236,1181,1180,1149,1158,1192,600,1043,714,809,595,959,1004,923,1064,1056,1165,1227,1125,1207,1249,1281,1298,1343,1282,1308,715,722,699,650,712,1939,1853,2101,2054,2289,1950,2030,2007,2351,1806,3034,2760,2704,2564,2940,2032,2080,1815,2105,1964,2159,2152,2087,2154,2178,1569,1581,1560,1547,1532,1414,1394,1277,1231,1250,1149,986,1160,992,1080,1679,1483,1577,1359,1493,1236,1258,1205,1142,1211,1727,1619,1721,1613,1685,1578,1676,1721,1812,1525,1763,1899,1899,1732,1637,1306,1460,1346,1453,1524,1308,1308,1287,1304,1328,980,782,803,825,782,1104,1089,1113,981,1079,1269,1360,1312,1300,1232,1341,1346,1408,1424,1335,828,744,738,714,691
(50;10;30),10,656,354,371,446,474,557,375,1351,381,734,924,1136,850,762,1019,180,368,232,101,319,578,571,611,604,563,722,243,221,259,253,200,165,306,269,320,744,880,595,587,898,173,31,378,484,203,235,239,187,185,184,898,929,860,782,849,400,395,350,456,371,299,224,287,424,287,169,109,72,93,44,756,581,578,577,275,629,682,789,808,775,340,325,255,354,322,622,630,610,664,577,464,549,549,474,572,220,295,232,364,241,395,483,127,94,463,69,144,150,509,30,527,565,545,595,615,272,22,100,312,10,40,205,146,55,51,58,57,16,13,53,58,90,10,94,51,393,390,385,429,512,28,17,144,222,125,56,39,55,143,35,298,174,368,232,406,311,298,280,203,268,150,159,165,19,19,48,44,44,32,36,143,340,231,26,581,465,461,624,440,343,80,69,70,224,105,457,268,247,179,448,293,263,269,243,239,200,198,180,189,205,647,459,157,520,509,666,530,650,614,457,924,718,827,960,911,391,302,390,182,319,202,221,360,142,657,55,52,36,52,37,171,228,87,127,122,546,742,418,708,646,372,226,142,418,212,256,488,206,329,252,522,375,333,355,371,339,360,596,354,342,751,653,685,757,629,322,35,114,27,109,739,439,489,509,486,578,647,665,611,647,68,75,65,72,27,566,533,365,608,495,465,446,450,401,235,238,238,233,183,289,31,59,187,258,59,12,177,6,170,29,166,374,451,95,334,18,18,9,31,17,155,279,27,194,203,21,37,21,20,73,39,41,14,19,51,245,173,257,167,197,154,151,139,126,99,9,42,92,38,13,28,52,15,23,15,78,76,6,118,134,263,175,203,195,259,25,66,53,5,23,137,529,142,142,42,296,99,284,483,288,15,5,19,9,21,178,250,166,172,5,91,7,151,216,107,125,73,6,102,6,35,8,43,24,7,126,251,46,434,44,148,275,107,103,226,462,167,278,177,6,222,19,187,221,255,9,13,25,9,19,67,26,32,58,18,47,333,186,201,213,83,30,6,68,72,14,19,39,16,7,28,143,19,7,71,110,98,102,138,77,305,227,190,189,211,39,5,125,17,5,114,6,169,5,148,304,362,288,135,363,159,290,47,5,118,205,392,239,233,322,67,99,11,57,71,106,97,103,64,92,524,41,23,20,20,128,283,13,324,22,265,276,289,230,347,194,23,11,12,142,56,36,72,44,49,15,7,24,18,14,72,8,47,76,24,182,265,246,198,320,179,167,389,123,99,57,57,272,273,270,76,140,102,97,129,119,183,118,191,147,404,282,352,336,449,34,5,130,5,42,180,6,123,180,7,297,180,308,301,392,6,21,141,15,19,174,338,135,218,127,53,19,21,228,28,94,92,98,102,59
(50;10;40),10,259,180,12,100,66,686,444,533,702,661,454,431,669,404,318,34,34,160,152,60,318,214,238,194,246,225,145,217,47,34,476,468,131,217,264,422,482,482,442,407,402,358,459,319,623,131,111,119,99,34,289,313,398,344,282,399,405,372,425,381,131,266,276,211,210,430,529,283,442,478,78,145,41,180,39,508,701,343,500,304,508,459,462,485,391,38,54,54,42,288,446,445,503,399,423,212,290,287,220,284,54,500,64,362,26,341,416,281,305,6,158,178,422,114,146,34,38,10,30,62,138,150,137,130,243,23,22,6,47,54,237,223,217,149,61,127,136,51,8,519,174,183,181,204,260,13,5,25,56,20,139,292,191,219,178,169,249,157,119,111,123,119,31,110,211,391,340,182,196,188,38,10,50,38,26,194,170,187,804,191,356,314,329,404,332,10,21,22,14,26,217,122,114,171,174,210,196,126,157,150,425,451,262,455,525,417,174,289,715,448,374,142,411,408,392,43,35,21,35,37,341,262,17,89,263,55,132,124,47,21,409,298,165,368,220,201,229,249,197,421,171,351,177,240,165,14,7,14,14,7,211,356,293,365,285,227,267,230,322,287,95,242,37,236,229,361,334,354,250,174,176,16,148,39,288,378,337,315,365,315,403,375,444,396,460,25,57,37,25,16,454,438,402,436,467,155,132,189,259,156,57,18,55,16,41,199,4,165,710,180,244,244,144,4,148,36,32,20,29,129,4,127,136,115,236,38,4,36,48,33,181,253,50,125,189,78,75,49,61,35,109,97,127,141,18,8,4,8,8,4,129,17,237,127,192,145,133,130,133,156,92,15,8,17,4,345,269,321,5,183,37,34,13,38,16,165,288,185,571,145,193,113,185,185,262,6,29,143,32,23,5,213,237,181,256,140,140,92,136,160,13,17,17,5,37,171,263,4,4,193,155,144,159,145,208,126,16,125,122,9,171,8,24,139,24,15,6,4,40,108,251,5,7,9,17,304,533,299,296,289,105,103,5,25,174,4,3,3,20,3,5,43,117,132,125,104,5,109,9,106,8,4,24,32,4,61,5,65,26,21,28,20,298,19,22,189,179,169,4,193,111,183,5,185,105,129,17,20,4,134,185,5,4,188,189,140,135,196,104,105,135,62,30,22,54,202,151,317,261,162,161,329,193,141,138,171,161,416,126,101,226,442,305,217,250,150,18,18,13,5,252,180,304,235,14,291,285,285,5,5,6,29,121,129,142,24,21,17,44,14,15,5,249,260,227,34,13,28,5,6,13,17,5,41,96,233,173,165,185,173,14,5,11,5,9,178,198,577,179,176,255,248,225,189,182,29,41,5,5,153,165,213,134,207,145,51,117,132,137,101
(50;10;50),10,8,8,8,344,412,842,225,452,416,215,210,436,364,312,354,46,35,15,23,11,12,14,218,21,358,83,29,18,136,151,23,14,26,38,6,81,73,54,27,19,130,137,294,110,116,146,6,110,149,167,128,25,114,70,133,320,318,313,167,265,18,27,18,22,22,166,174,156,139,58,171,182,181,318,156,288,6,157,590,219,284,219,12,227,385,462,471,423,459,426,11,47,76,66,11,464,440,225,203,438,44,57,54,9,17,194,289,229,205,5,194,245,181,242,249,6,18,13,11,4,66,50,6,22,66,36,77,13,78,28,8,4,12,4,8,68,54,55,52,8,184,188,183,200,172,4,4,104,4,103,10,58,6,26,23,109,125,158,124,145,52,48,38,24,23,149,52,208,141,124,156,4,44,14,165,120,93,90,96,93,225,269,248,215,239,244,234,238,229,220,8,44,49,65,33,165,221,5,237,89,58,47,16,219,74,7,246,239,387,306,130,99,194,187,175,6,54,42,106,10,62,229,77,16,56,10,122,9,82,74,37,20,5,5,19,55,7,34,49,22,235,171,166,166,5,145,37,141,108,109,64,124,55,39,114,7,130,163,143,130,34,18,14,12,10,177,33,29,26,117,6,5,290,34,203,182,151,170,142,168,192,482,202,198,202,497,206,336,320,199,6,70,32,69,42,367,243,242,420,7,3,236,10,4,3,8,212,184,164,160,3,3,197,111,3,31,3,3,139,51,72,15,54,52,8,176,160,156,144,148,3,3,3,23,3,3,3,3,3,11,3,3,3,3,3,3,3,3,3,3,4,14,8,6,12,118,114,110,109,148,3,11,3,3,39,3,3,3,3,3,3,3,3,3,19,107,3,103,3,3,195,176,205,173,173,153,133,158,109,144,3,15,3,3,3,209,140,184,124,160,3,3,5,3,27,4,3,4,3,4,79,3,66,3,35,7,3,3,23,3,40,4,24,11,48,144,3,3,12,3,3,12,3,3,31,3,3,3,3,3,3,3,3,15,3,18,32,3,3,3,20,40,17,32,32,4,4,100,120,12,3,3,3,3,3,3,3,3,3,3,3,117,3,70,3,3,3,3,47,3,167,177,148,8,173,172,181,183,174,168,3,3,3,3,3,4,3,244,4,3,16,4,5,14,117,4,38,4,117,31,176,173,239,165,162,20,112,16,11,4,20,49,32,29,57,126,18,75,17,89,3,3,3,3,3,16,15,44,8,8,3,3,7,3,3,3,3,3,3,3,122,18,9,19,9,232,172,119,188,4,3,3,26,3,3,19,3,3,7,3,3,3,3,3,3,3,3,3,31,3,196,196,164,240,164,153,205,16,11,5,20,15,28,8,40,205,84,160,208,212
(100;10;30),10,1649,2698,2048,1096,1668,2696,2923,2901,2838,2795,2598,2424,2436,2651,2514,2594,2758,2539,2583,2620,2391,2313,2333,2376,2325,1697,1534,1657,1662,1750,3362,3165,3161,3015,3127,3226,3063,2962,3197,3251,1548,1441,1838,1558,1733,2255,2363,2276,2228,2194,1949,2062,1835,2005,1986,2045,1922,2014,2082,1933,1532,1440,1461,1517,1493,1869,1853,1822,1813,1747,1619,1339,1539,1519,1604,1616,1515,1621,1569,1577,2017,1876,1857,1824,1852,1843,1885,1852,1869,1812,1372,1369,1372,1227,1363,1386,1521,1466,1518,1482,342,1294,439,556,725,1710,1723,1731,1675,1893,1472,1381,1438,1259,1071,1662,1538,1563,1507,1419,1517,1409,1435,1653,1331,1168,1262,1164,1154,1243,1936,1519,1881,1706,1735,1631,1663,1683,1535,1492,886,977,895,789,1078,1206,1339,1317,1329,1385,1125,1118,1028,1049,999,1166,1234,1069,1224,1148,725,747,702,732,814,986,1048,1037,1070,1037,813,752,754,789,763,993,926,995,989,973,873,805,802,968,856,1031,1117,1110,1106,1079,885,867,884,847,825,797,825,774,774,719,1221,1044,1499,2158,955,2641,2576,2573,2517,2514,2385,2166,2154,2229,2307,2536,2500,2458,2342,2455,2107,2124,2132,2176,2235,1115,1157,1091,1156,1116,2858,2744,2915,2734,2885,2560,2808,2742,2684,2435,1494,1226,1525,1399,1545,2149,2078,2026,2089,2145,1681,1699,1797,1794,1767,1737,1850,1807,1788,1805,1250,1340,1366,1318,1393,1599,1661,1636,1625,1698,1468,1357,1198,1317,1171,1470,1460,1526,1439,1434,1757,1546,1717,1555,1649,1630,1617,1700,1646,1673,1226,1224,1272,1182,1221,1401,1366,1364,1314,1365,374,1059,664,187,522,1263,1320,1191,1286,1290,461,441,452,411,592,1096,1067,1046,1105,1077,994,1152,1002,1116,1148,465,384,381,338,328,1043,1509,1165,1178,710,831,1004,823,882,1013,473,536,739,682,512,851,614,884,809,767,681,599,718,728,918,812,802,801,785,683,456,452,415,448,343,702,559,586,686,587,674,591,458,469,456,651,725,659,736,704,440,494,472,542,453,699,692,761,723,816,534,568,552,552,520,485,489,429,462,481,82,246,135,99,352,1206,1179,1264,1268,1216,691,706,727,521,475,1377,1035,1186,1449,1153,1008,965,985,980,951,433,583,465,458,392,1045,937,1124,973,1192,847,959,894,856,979,469,725,413,485,746,730,698,839,710,665,627,776,526,570,808,751,824,727,777,742,431,387,517,431,451,534,641,641,594,510,414,556,483,542,468,615,647,626,695,731,516,536,512,528,431,721,759,699,710,691,569,568,487,580,467,500,497,429,417,459,455,532,864,35,548,1512,1485,1556,1497,1449,713,490,634,541,487,1272,1291,1153,1344,1334,1022,1098,1158,1284,1204,586,610,1071,474,472,1542,1293,1218,1335,1246,1301,1229,1254,1245,1464,631,550,547,625,600,840,1080,997,771,883,952,996,861,927,906,971,943,843,959,981,545,534,491,463,607,816,752,827,679,719,640,610,594,575,576,781,800,796,806,884,603,684,603,619,619,823,910,894,924,908,629,661,720,640,653,505,508,555,560,534
(100;10;40),10,148,363,325,857,598,1754,1729,1930,1601,1740,1578,1393,1147,1160,1280,1133,1350,1097,1043,1078,1595,1648,1612,1669,1437,1127,1246,1270,1125,1087,1564,1320,1337,1273,1217,1081,960,941,972,939,1623,1498,1613,1670,1677,1782,1738,1802,1574,1797,1685,1828,1958,1840,1746,1432,1396,1497,1342,1390,1323,1339,1572,1264,1335,1466,1375,1439,1474,1521,1390,1390,1377,1404,1327,1124,1094,1145,1118,1195,689,815,684,665,778,1021,857,1005,946,945,739,700,623,779,712,1384,1361,1420,1275,1335,641,510,1111,1218,867,1142,1214,1251,1094,1230,994,999,1239,826,918,603,557,632,829,618,1157,1127,1126,1163,1194,474,410,409,343,427,1222,1217,1070,724,1216,752,556,797,913,877,1093,1307,1233,1299,1131,1010,1036,962,989,927,1280,1143,1152,1184,1376,785,998,704,626,878,851,781,879,878,913,921,772,830,877,771,714,644,709,842,765,670,804,756,630,745,431,451,492,351,376,659,720,613,610,563,508,492,523,510,595,862,825,818,801,810,795,628,925,989,612,1626,1519,1452,1664,1949,1320,1388,1361,1452,1305,1461,1206,1330,1229,1429,1466,1382,1342,1406,1619,1067,985,1159,875,842,1083,1676,972,1427,1304,789,727,701,720,618,1550,1912,1648,1503,1697,1553,1537,1426,1600,1436,1383,1561,1382,1657,1492,1407,1414,1334,1480,1372,1415,1258,1251,959,1144,1451,1360,1320,1258,1167,1299,1158,1210,1027,1182,970,949,992,962,998,637,609,624,584,604,869,977,1016,829,883,704,746,624,623,585,1123,1185,1084,1146,1136,39,228,440,384,412,874,665,434,1111,771,785,634,546,1096,641,591,307,322,567,443,1097,955,915,998,786,470,321,166,318,301,867,989,964,875,1004,311,272,211,278,286,747,699,755,806,919,772,819,736,872,817,686,569,698,666,861,438,578,405,478,434,606,478,622,584,668,456,297,739,708,656,316,335,282,365,373,410,375,359,383,375,167,132,187,30,203,405,404,365,429,417,283,403,329,277,266,547,568,488,529,562,46,86,973,56,46,720,816,752,755,754,685,704,1063,538,465,326,290,234,283,292,747,986,509,143,146,213,202,197,220,176,405,576,427,945,821,501,306,498,169,612,820,703,598,743,735,730,794,781,856,703,745,715,824,586,648,585,384,341,462,298,559,513,333,429,411,569,607,727,552,495,366,440,295,361,411,379,370,466,359,406,174,138,267,213,368,420,420,460,341,468,331,412,330,331,322,530,497,526,518,576,342,18,43,460,158,959,994,861,887,902,651,734,848,643,718,470,238,382,403,410,950,1009,922,881,960,252,208,239,424,392,811,374,888,445,819,270,389,306,374,399,835,891,946,830,839,924,845,919,903,732,818,893,1126,922,913,693,687,686,486,693,617,666,764,764,584,752,717,661,590,676,440,485,549,459,378,520,490,459,629,501,338,285,293,298,287,480,521,585,472,502,465,448,434,401,399,638,662,630,602,609
(100;10;50),10,673,770,581,845,766,2148,2090,1865,2247,2382,507,558,564,648,580,1029,1047,983,1052,657,1058,997,927,1044,910,1280,1309,1305,1395,1420,463,888,909,1525,879,1116,975,1386,1105,1396,863,751,979,1046,954,624,634,622,456,507,917,748,993,968,897,822,727,970,630,928,569,519,501,880,624,578,509,482,499,528,1193,1142,1126,1188,1032,495,285,569,575,674,1035,1083,1144,1041,1084,1217,1119,1244,1158,1208,972,839,942,926,952,531,539,570,561,530,845,529,523,589,68,1470,1493,1533,1371,1599,162,250,376,360,151,778,709,1032,654,688,335,401,318,512,322,702,984,834,931,666,572,764,653,763,513,442,617,439,804,578,646,534,588,607,495,303,273,194,209,146,493,293,305,304,474,483,328,421,538,457,604,567,521,545,658,274,255,308,195,272,734,765,723,739,860,359,423,349,436,294,803,728,745,795,756,749,687,849,798,773,546,654,625,723,694,338,337,353,326,363,360,625,570,480,1138,2059,2016,1399,1950,1740,458,533,388,324,525,527,867,790,960,750,861,807,822,849,919,1069,1067,1090,1197,1110,912,815,857,433,751,1057,941,969,831,1018,814,683,1028,838,884,345,257,362,326,352,550,916,739,928,475,512,504,508,495,490,785,681,737,641,650,588,378,392,395,373,995,950,981,923,906,494,298,408,239,398,791,968,890,835,871,1084,1035,1048,931,984,809,854,818,759,834,607,665,684,614,643,52,536,46,383,484,908,940,690,940,984,37,62,230,140,235,309,410,401,397,243,385,373,389,373,213,291,628,439,600,502,48,119,204,189,110,499,435,313,420,245,481,397,346,422,341,22,247,62,134,119,450,160,138,413,577,431,434,73,103,21,275,268,302,464,271,157,181,101,20,214,590,623,593,615,600,255,310,249,296,314,402,445,419,437,509,447,509,434,454,466,512,488,441,368,512,361,406,428,374,356,622,309,716,785,313,830,789,651,1040,644,69,141,58,30,93,396,388,285,66,287,264,261,40,252,35,526,531,445,490,614,533,95,362,185,458,509,410,527,322,352,394,424,450,365,612,499,322,430,444,632,312,349,534,501,459,307,355,430,404,314,169,163,121,142,149,73,74,128,74,166,560,544,565,553,606,267,337,300,220,225,402,531,398,588,263,465,427,454,455,448,343,421,379,480,347,213,219,246,133,285,23,501,472,339,499,830,945,1119,977,1171,285,211,95,301,272,599,570,632,968,656,390,446,519,437,485,665,637,864,837,982,377,428,343,631,740,405,407,556,544,597,15,141,179,212,151,47,153,106,125,112,660,581,298,344,430,265,135,223,239,135,487,545,400,134,425,106,218,210,135,105,690,519,712,696,718,107,305,219,269,71,463,565,432,563,570,609,588,612,609,566,616,519,564,514,501,400,271,411,351,407
(200;10;30),10,7804,7956,8538,8352,8402,9126,9202,9200,9389,9651,9554,9734,9539,9562,9231,8072,7965,8127,8196,7985,7076,6964,6798,7176,7085,6430,6387,6457,6429,6359,6621,6281,6253,6429,6380,7681,7566,7916,7691,7537,5194,5314,5065,5065,5241,5567,5432,5798,5438,5710,3827,3799,3781,3690,3820,3262,3338,3282,3284,3382,3451,3503,3433,3512,3494,4103,4005,4110,4188,4031,3121,3136,3104,3095,2973,2428,2303,2235,2385,2277,3279,3125,3169,3142,3282,2829,2797,2832,2819,2853,2793,2713,2973,2761,2820,3816,3690,3808,3746,3714,4961,3315,5070,5055,5534,5179,5243,5346,5237,5345,6073,6065,6062,6241,6019,5184,4897,5094,4921,5034,4058,3897,3967,3886,3929,3669,3667,3787,3890,3724,3766,3763,3743,3771,3844,4589,4580,4396,4630,4556,3042,3035,2885,2909,3030,3349,3341,3498,3146,3371,2531,2498,2533,2583,2492,2084,2166,2041,2087,2043,2244,2061,2160,2047,2213,2236,2198,2001,2232,2281,2065,2062,2103,2145,2125,1376,1401,1416,1387,1411,1909,1890,1997,1880,1895,1992,1970,1930,2004,1981,1636,1611,1636,1589,1692,2159,2250,2201,2194,2212,7344,8493,6329,7075,7820,8712,8254,8119,8333,8379,9056,9102,9072,8900,9194,7315,7333,7219,7396,7231,6141,6099,6397,6473,6387,5805,5852,5763,5888,5773,5584,5746,5678,5726,5533,7023,6855,6907,6756,6997,4458,4434,4550,4441,4241,5469,5132,5117,5227,5122,3482,3504,3522,3546,3570,3122,3017,3124,3215,3083,3193,3168,3198,3028,3059,3635,3679,3669,3766,3459,2894,2873,2901,2767,2819,2195,2085,2281,2091,2079,2949,2908,2966,2933,2782,2648,2646,2664,2614,2701,2309,2276,2266,2399,2387,3347,3331,3223,3347,3237,3056,3994,3679,4409,4236,3425,3388,3431,3271,3630,4578,4418,4064,4386,4300,3283,3365,3413,3466,3404,2841,2619,2653,2643,2609,2799,2760,2762,2840,2761,2620,2263,2531,2266,2422,3166,3134,3383,3280,3106,1942,2044,1969,1996,1985,2115,2297,2221,2220,2111,2004,1923,1941,1950,1946,1436,1517,1480,1460,1530,1234,1265,1305,1348,1417,1255,1284,1323,1399,1208,1358,1612,1416,1480,1539,1041,932,1070,840,996,1201,1269,1103,1231,1311,1399,1419,1447,1387,1445,1239,1130,1237,1214,1159,1606,1605,1538,1627,1580,3969,3079,3653,2715,3475,3289,3697,3285,3266,3546,4493,4291,4445,4406,4621,3315,3513,3402,3658,3415,2782,2746,2654,2656,2819,2870,2802,2782,2757,2844,2185,2376,2417,2480,2400,3352,3322,3237,3423,3181,2153,2018,2056,1971,1918,2249,2190,2163,2303,2111,2024,1947,1942,1956,1972,1578,1535,1579,1582,1515,1299,1239,1276,1307,1295,1317,1198,1425,1306,1325,1503,1642,1552,1451,1600,1039,987,980,1069,989,1135,1142,1352,1185,1087,1335,1344,1253,1289,1376,1197,1231,1198,1246,1208,1455,1469,1489,1469,1502,5314,4660,5574,5064,5168,4678,4920,4838,4163,4651,5831,5609,5822,5780,5559,4658,4658,4801,4716,4831,3689,3908,3803,3774,3789,3693,3516,3546,3570,3537,3508,3468,3480,3479,3478,4362,4412,4425,4399,4315,2686,3066,2679,2859,2883,3303,3361,3106,3251,3099,2532,2591,2672,2507,2451,2031,2174,2037,2054,1989,2010,1982,2017,1899,1977,2193,1856,2188,2076,2107,2010,2085,2024,1997,2185,1297,1209,1317,1218,1059,1838,1768,1800,1810,1789,2006,1938,2000,1981,1934,1732,1702,1518,1703,1681,2022,2041,2003,1967,2185
(200;10;40),10,6184,7147,6924,6973,6629,5716,5760,5337,5379,5552,4467,4785,3829,4429,4533,6316,6520,6501,5870,5985,6248,6070,5981,6009,5986,3648,3590,3717,3527,3654,4588,4888,4703,4869,4591,4866,4833,4939,4888,4892,3481,3648,3567,3544,3616,4989,4980,4904,4802,4973,5229,5254,5299,5272,5251,3273,3573,3489,3426,3477,2909,3082,3010,3024,3047,3641,3480,3549,3516,3487,2649,2684,2558,2618,2776,3538,3553,3466,3403,3493,1285,1211,1215,1213,1309,1887,1914,1953,1997,1916,1871,1838,1742,1787,1854,2211,2240,2314,2297,2313,4066,4359,4702,4484,4036,3360,3431,3454,3470,3414,2925,3206,3281,3205,3339,3830,4164,4020,4035,4002,4116,4092,4118,4148,4157,2502,2442,2355,2486,2382,2814,2857,2868,2897,2830,3254,3119,3166,3110,3216,2375,2358,2229,2323,2312,2601,3050,3079,3053,2905,3226,3247,3289,3387,3471,2150,2146,2142,2029,2199,2064,2057,2022,2111,1954,2207,2212,2256,2225,2183,1771,1668,1581,1703,1676,2337,2327,2309,2381,2304,947,938,960,927,912,1271,1307,1306,1317,1278,1129,1125,1122,1055,1142,1565,1512,1498,1497,1569,5733,5799,6422,5322,1476,5083,4851,4838,5000,4821,3993,4025,3712,3647,3661,5959,5926,5720,5988,6098,5448,5434,5500,5450,5433,3074,3189,3167,3222,3206,4207,4265,4184,3931,4278,4488,4445,4392,4413,4437,3219,3311,3098,3272,3224,4361,4433,4320,4245,4264,4707,4956,4859,4921,4741,3120,3129,3048,3120,3023,2611,2796,2681,2677,2734,3015,2996,3120,2949,3020,2183,2382,2183,2303,2310,3169,3208,3009,3211,3181,1151,1088,1155,1059,1157,1694,1753,1705,1751,1831,1641,1669,1538,1612,1553,2031,2062,1970,2124,2094,2326,2556,1608,3428,2983,2622,2455,2205,2203,2420,2143,2143,2290,2106,2069,2581,2854,2920,2744,2883,2515,2881,2873,2694,2831,1759,1812,1802,1757,1815,2034,2061,2129,2062,2030,1992,1904,1854,1843,1908,1588,1673,1614,1626,1645,2100,2167,1865,2216,2195,1939,2053,2061,2037,2033,1542,1599,1603,1601,1624,1413,1216,1341,1247,1346,1457,1418,1524,1562,1435,1275,1183,1293,1191,1264,1378,1430,1438,1521,1434,702,719,719,759,737,965,990,952,917,893,836,804,848,779,823,1082,1079,1165,1130,1055,3910,2742,3434,3431,3326,2270,2105,2037,2112,1870,2357,2415,2359,2230,2137,2853,3063,2833,2753,2803,3028,2730,2943,2934,2732,1845,1659,1844,1810,1868,2114,2062,2322,2140,2110,2031,1984,1935,1970,2019,1670,1694,1637,1742,1655,2087,2078,2269,2230,2159,1967,1863,1953,1898,1938,1657,1664,1506,1625,1554,1533,1341,1380,1406,1509,1457,1407,1493,1414,1449,1239,1168,1218,1235,1199,1597,1386,1471,1498,1505,774,784,788,783,699,900,961,964,989,997,799,795,815,797,821,1050,1101,1148,1089,1057,3258,4314,4629,3234,4168,3110,3179,3013,3232,3116,3085,2762,2903,2867,3019,3622,3746,3463,3359,3506,3887,3960,3771,3711,3948,2246,2187,2216,2246,2270,2807,2620,2663,2833,2673,2846,3048,2791,2923,2892,2092,2009,2029,2082,2028,2785,2817,2952,2924,2801,2984,2762,2908,2972,2870,2041,1936,1877,2215,1907,1847,1772,1881,1784,1857,2055,1979,2075,2087,2011,1500,1464,1407,1566,1515,2095,2178,2163,2221,1982,908,851,850,881,877,1201,1198,1270,1242,1251,1005,1042,1075,959,1089,1398,1406,1439,1371,1485
(200;10;50),10,4369,4291,4518,4316,4400,2993,3016,3225,3722,2771,3661,3646,3490,3654,3521,3901,3779,3784,3804,3678,4613,4578,4841,4387,4534,3592,3690,3234,3294,3185,3621,3832,3514,3809,3545,2993,2966,2970,3041,2949,2121,2170,2079,2243,2081,2906,3074,2942,2895,3009,2833,2852,2793,2778,2747,2842,2838,2834,2909,2879,2687,2748,2716,2782,2599,2561,2291,2372,2544,2502,2354,2018,2335,2297,2336,2367,2366,2306,2448,2390,2983,3094,3039,3062,3015,3014,2982,3135,3031,3002,2515,2561,2555,2579,2505,1643,1642,1571,1395,1613,3154,3245,2980,2991,3362,1361,1575,1894,1786,1843,2539,2471,2648,2479,2595,2917,3042,2662,2793,2789,3110,3490,3330,3362,3071,2200,2157,2079,2264,2007,2295,2646,2689,2593,2525,1896,1938,2080,1970,1978,1417,1463,1488,1451,1383,2204,2102,2110,2212,2237,2049,2058,2002,1944,2051,2087,2072,2081,2047,1966,1716,1766,1738,1718,1750,1570,1605,1577,1557,1621,1617,1627,1613,1621,1481,1555,1748,1665,1732,1670,2095,2279,2209,2334,2058,2029,1999,2042,2067,1974,1678,1712,1717,1697,1658,1162,1176,1168,1130,1237,3791,3599,3941,3602,3739,2331,2222,2555,2126,2027,3078,3090,3103,3070,3193,3474,3490,3497,3415,3591,3891,3843,3991,4068,3807,2702,2737,2853,2485,2699,3325,3245,3127,3066,3300,2798,2834,2767,2904,2662,1802,2044,1723,1897,1896,2655,2764,2695,2765,2736,2479,2505,2542,2474,2568,2536,2547,2684,2624,2565,2286,2291,2393,2271,2342,2178,2163,2158,2092,2011,2092,2068,2022,1968,2072,2125,2162,2109,2125,2105,2834,2777,2848,2763,2795,2655,2655,2725,2615,2737,2261,2418,2233,2306,2206,1484,1354,1438,1410,1353,2661,2218,2445,2546,2706,1140,1876,1507,800,1377,1943,2267,2281,2261,1987,1966,2286,1816,1703,1937,2448,2342,2178,2345,2091,2135,2160,1988,1998,1935,2065,1873,1965,1882,2127,1629,1646,1399,1721,1613,1160,1180,1034,1168,1184,1351,1503,1450,1541,1471,1493,1488,1486,1363,1502,1453,1588,1495,1476,1364,1234,1184,1169,1087,1146,1184,1212,1157,1158,1121,1249,1364,1287,1288,1306,1288,1346,1195,1352,1312,1533,1898,1515,1477,1492,1301,1300,1295,1266,1344,1174,1178,1158,1221,1151,989,899,969,1035,1044,1950,2058,2023,2411,1829,1035,1150,978,936,1069,1834,2145,2045,1919,2141,1625,1604,1617,1630,1579,2661,2544,2547,2407,2530,2168,2054,2074,2100,2034,1791,1807,1790,1844,1906,1618,1483,1522,1302,1434,1075,1147,1145,1180,1215,1471,1519,1554,1655,1519,1455,1399,1490,1537,1508,1544,1490,1460,1608,1395,1184,1208,1150,1159,1181,1141,1136,1187,1190,1151,1379,1279,1318,1208,1404,1189,1293,1262,1294,1175,1317,1461,1664,1570,1573,1211,1235,1351,1271,1306,1184,1182,1146,1165,1074,996,990,938,972,960,2994,2743,2742,2946,2723,1429,1398,1287,1342,1294,2399,2330,2282,2412,2502,2189,2563,2242,2614,2251,3244,3011,2997,2701,2664,2066,1854,2131,1921,1943,2035,2206,2342,2299,2346,1972,1931,1617,1787,1840,1309,1329,1360,1411,1306,1868,1865,2040,1907,1894,1657,1750,1845,1977,1753,1809,1876,1791,1938,1788,1529,1482,1589,1411,1495,1492,1392,1399,1445,1424,1483,1497,1489,1502,1499,1507,1585,1504,1629,1501,1827,1981,1780,1875,1864,1717,1764,1730,1755,1683,1471,1461,1486,1525,1588,1141,1094,1030,1058,1051
(500;10;30),10,49090,49662,48435,49575,49085,33694,33074,33471,33693,33764,18979,19405,19552,19425,19465,17911,18072,18363,18292,18212,13866,13970,13824,14025,13929,14787,14778,14955,14770,14851,14755,14728,13921,13137,14662,15840,15839,15964,14682,15738,9210,9168,9159,9336,9203,10872,10781,10844,10819,10822,8390,8752,8360,8409,8572,10773,10727,10410,10744,10763,4371,4400,4363,4422,4393,4291,4296,4276,4292,4353,5124,5048,5080,5070,4994,4868,4810,4843,4790,4738,5218,5442,5359,5043,5270,4826,4847,4762,4827,4850,3983,4118,4008,4053,3985,3830,3975,3930,4003,3995,32924,33108,33350,32946,32965,23752,23183,23294,23532,23388,12655,12541,12519,12437,12402,11755,11241,11850,11669,11492,9603,9743,9638,9622,9775,10745,10473,10451,10405,10594,9007,9214,8896,9577,9609,11252,11583,11517,11517,11271,6930,6878,6818,6678,6865,7811,7649,7818,7811,7942,5863,5925,5749,5979,5938,8673,8481,8660,8534,8491,3352,3337,3380,3319,3420,3439,3455,3466,3297,3145,4046,3838,4004,3929,4030,3830,3782,3793,3656,3827,3804,4004,4154,3812,3705,3879,3745,3828,3752,3873,3234,3331,2993,2951,3235,3212,3002,3135,3213,3118,45362,44822,44062,44313,43233,30900,30868,31179,31391,30843,17303,17163,17664,17766,17126,16101,16058,15986,16077,16390,12872,12888,12572,12712,12947,14010,13095,14062,13547,13997,13857,13571,13786,13773,13662,15007,14902,15050,14821,14735,8590,8605,8505,8501,8526,10680,9959,10628,10535,10630,7877,7600,7012,7832,8013,10431,10407,10533,10099,10135,4281,4104,4251,4260,4020,4143,4183,4121,3996,4149,4823,4881,4781,4817,4852,4663,4610,4775,4700,4596,5207,5180,5322,5156,5303,4665,4542,4521,4708,4628,3979,3975,3713,3758,3745,3669,3965,3893,3762,3889,20824,21276,21852,20745,21833,16172,16918,16570,16248,15602,8730,8779,8574,8571,8752,8223,8327,8100,7859,7863,6141,6265,6479,6569,6337,6516,6446,6796,6507,6717,6530,6910,4805,7171,6800,7282,6872,7130,6982,7124,4382,4105,4343,4101,4085,4844,4365,4678,4939,4495,4372,4623,4306,4581,4387,5306,5238,5303,4935,5400,2264,2342,2432,2326,2527,2237,2272,2345,2714,2695,2858,2334,2326,2851,2817,2411,2656,2274,2761,2730,2998,2491,2919,3025,2530,2718,2773,2792,2766,2357,2499,2168,2385,2534,2074,2304,2241,2171,2187,2330,25472,23343,23947,24041,24000,18251,18261,17483,17980,17665,9809,9842,9664,9798,9746,8892,9124,9139,8784,9089,6951,7514,7348,7379,7507,7404,7401,6980,7344,7403,7461,7455,7591,7575,7786,8189,8670,8820,8299,8243,4661,4932,4919,4588,4830,5410,5408,5191,5313,5476,4944,4687,5012,4852,4958,5986,5926,6234,6439,6303,2724,2774,2802,2749,2786,2827,2849,2463,2807,2865,2692,2725,2955,2787,3052,2824,3046,2954,3017,2732,3003,3174,2989,2869,2827,2637,2694,2994,2591,2893,2300,2257,2266,2337,2427,2410,2467,2120,2460,2568,41269,41366,41339,41356,41667,30820,30138,30396,30507,30578,16601,16525,17272,16128,16726,14796,15486,14481,15112,15039,12722,12920,12592,12372,12398,14054,14124,14172,13916,14114,13664,12880,12886,12680,12833,13620,14280,14290,14038,14583,8490,8539,8526,8529,8291,10510,10636,10512,10542,10663,7466,7106,6696,7575,6870,10707,10454,10794,10706,10701,3802,3811,3674,3947,3906,3785,3958,3900,3927,3844,4563,4650,4711,4767,4715,4572,4330,4669,4249,4111,5140,4830,4766,4181,5097,4358,4308,4447,4502,4407,3735,3652,3760,3718,3873,3448,3834,3516,3748,3596
(500;10;40),10,39875,39415,39381,39638,39285,25825,25947,25989,25881,26067,16283,16020,16193,16305,16070,10368,10634,10673,10383,10252,9009,8988,8793,9066,8568,11431,11700,11448,11528,11457,7331,7254,7102,7111,7270,8979,9397,9043,9237,9236,8386,8254,8446,8278,8516,7273,7396,6876,7382,7320,8985,8991,9066,9008,9175,8053,8083,8066,8274,8127,9985,9990,10003,9866,10030,5333,5505,5170,5479,5319,5960,5820,5838,5835,5917,5082,5096,4828,5081,5139,6384,6260,5606,6414,6377,6183,6214,6217,6105,6209,6433,6356,6229,6433,6201,6038,5991,5559,5780,5996,26545,27908,27505,28332,27102,17572,17615,18182,18077,17618,12140,11579,12087,12187,12141,8028,8134,7819,7851,7891,6571,6356,6442,6692,6482,8440,8385,8409,8372,8431,4630,4574,4526,4548,4751,6767,6642,6540,6689,6681,5576,5662,5839,5732,5490,5700,5808,5496,5640,5736,7175,6914,6933,6767,7110,5617,5601,5621,5621,5691,7786,7783,7311,7484,7728,3667,3408,3382,3471,3256,4735,4761,4499,4767,4521,3693,3646,3622,3429,3580,5046,5081,5062,5036,4868,5123,4976,5013,4817,4977,4227,4010,4060,4229,4243,4698,4762,4671,4690,4652,36713,36308,36896,36568,37101,23566,23651,23420,23242,23578,15237,15341,15421,15189,15154,9552,9529,9334,9202,9498,8052,7953,7860,8203,8145,10696,10876,10715,10615,10637,6414,6563,6443,6321,6460,8012,8110,8128,8452,8323,7716,7586,7877,7564,7715,6711,6799,6637,6542,6799,7639,8589,8631,8630,8718,7134,6689,7358,7249,6985,9550,9534,9795,9877,9777,4751,4849,4840,4744,4772,5621,5647,5637,5579,5588,4424,4489,4733,4444,4599,6005,6135,6276,6188,6083,5962,5976,5975,5935,6069,5642,5520,5743,5645,5757,5633,5625,5757,5560,5689,18065,17578,17588,17437,17881,11946,12189,11764,12106,11717,9472,8395,8732,9441,9020,5510,5752,5352,5619,5407,4432,4183,4386,4565,4133,6327,6774,6457,6689,6556,3183,3150,3145,3126,3366,4573,4841,4952,4678,4960,3124,3230,3203,3142,3419,4642,4580,4691,4659,4663,4731,4229,4502,4604,4601,4699,4727,4697,4783,4745,4767,4743,5137,4684,4822,2617,2561,2563,2602,2575,3371,3461,3425,3390,3423,2496,2337,2280,2409,2414,3613,3711,3544,3541,3483,3607,3309,3593,3333,3229,2655,2497,2439,2581,2622,3450,3417,3459,3501,3554,20795,21092,19607,20580,19707,13179,13070,13091,13310,13225,9578,9726,9648,9542,9836,6058,6171,5821,5908,5749,4803,4616,5007,4767,4782,7267,7119,7270,7268,7066,3443,3349,3328,3372,3459,5295,5195,5185,5357,5280,4095,3502,4101,3886,3920,4940,4861,4838,3871,4776,4962,4813,5026,5109,5015,4649,4941,4870,4808,4945,5508,5481,5386,5477,5673,2644,2811,2573,2821,2539,3399,3534,3728,3509,3861,2242,2776,2318,2570,2700,4212,4157,4216,4189,4067,3835,3227,3683,3739,3764,2887,2799,2863,2803,2829,3812,3740,3735,3702,3855,34405,34366,34632,34198,34416,21679,22095,22061,22269,22906,14365,14421,14191,13849,14167,9333,9371,9769,9725,9106,7215,7456,7255,7210,7386,10522,10398,10620,10175,10595,5479,5691,5875,5685,5595,8084,7884,8002,7983,8160,7514,7410,7413,7101,7424,6785,6691,4482,6841,6699,8799,8732,8471,8388,8569,6196,6713,6802,6847,6157,9401,9320,9307,9217,9207,4389,4737,4433,4550,4537,5579,5396,5647,5551,5446,4267,4101,4222,4148,4159,6318,6097,6262,6083,6189,5637,5532,5693,5478,5664,5374,5257,5560,5342,5376,5606,5652,5460,5308,5699
(500;10;50),10,18126,18588,18253,18556,18186,16439,16416,16708,16728,16585,13349,13566,13602,13482,13389,14618,15091,14710,14786,14871,9602,9608,9584,9618,9759,8187,8004,8397,8341,8255,8170,8421,8417,8374,8093,7319,7174,7230,7356,7309,7837,8073,7929,7951,7887,4793,4749,4661,4689,4770,6789,6650,6533,6602,6883,5507,5414,5483,5474,5536,4932,4828,4781,4892,4551,5155,5114,5155,5055,5090,5755,6414,6219,5447,6166,4342,3986,4351,4306,4583,5490,5446,5430,5386,5464,5942,5804,5891,5869,5909,7088,7008,6848,6890,6579,4947,4978,4917,5052,4987,14240,14054,14834,14350,13913,13461,13527,13825,13472,13615,10011,9989,9975,9992,9523,10854,10866,11098,10801,10999,7312,7221,7574,7664,7523,5637,5665,5519,5896,5918,6503,6392,6603,6409,6674,5423,5398,5345,5358,5359,6654,6589,6537,6513,6637,3333,3294,3282,3427,3509,4809,4686,4707,4726,4702,4611,4506,4565,4496,4316,3235,3243,3288,3121,3145,3985,4141,4078,4244,4071,4666,4928,4113,4925,5036,2838,2697,2767,2692,2683,4596,4517,4434,4364,4695,4807,4881,4851,4880,4254,4849,4834,4640,4929,4384,4133,4005,4157,3993,4129,17276,17380,17911,17649,17452,15651,15236,15142,15366,15261,11771,11854,11985,12167,11878,13615,13654,13414,13434,12990,8904,8962,8580,8953,8825,7332,7265,7248,7383,7370,7632,7247,7572,7443,7544,6734,6671,6873,6726,6754,7305,7271,7320,7233,7194,4258,4235,4251,4149,3852,5858,5912,5843,5752,5800,5188,5164,5051,5125,5230,4170,4092,3871,3930,3891,4630,4726,4656,4775,4749,5977,5598,4477,5778,5727,3910,3891,3975,3887,3829,5036,5075,5082,5014,5053,5613,5285,5506,5492,5560,6144,6009,6003,5884,6228,4881,4681,4827,4623,4753,11478,11497,11606,11519,11405,10869,11010,10993,11256,11099,7556,7535,7548,7516,7615,8101,8099,8618,7956,8441,5726,5459,5507,5650,5633,3636,3644,3621,3595,3717,5189,5137,5140,5233,5203,4260,4302,4273,4303,4381,4859,4987,4810,5061,4771,2728,2661,2674,2608,2651,3266,3210,3259,2935,3217,3448,3533,3476,3562,3519,2365,2367,2448,2454,2312,3159,3223,3196,3183,3139,3631,3504,3549,3570,2816,2089,1967,1974,1907,1983,3858,3867,3674,3753,3580,3330,3306,3151,3411,3409,3107,3122,3043,2807,3181,3264,3458,3250,3240,3416,11295,11231,11248,11215,11122,11053,11153,10947,11293,11752,7945,7793,7743,7866,7647,8166,8810,8603,8291,8773,5847,5749,5554,5822,5785,4003,4029,3896,4002,4066,5240,5250,5268,5266,5282,4331,4335,4492,4664,4341,5126,4950,5133,5343,5195,2861,2742,2736,2838,2769,3492,3358,3404,3370,3417,3662,3634,3713,3699,3558,2278,2557,2370,2298,2383,3379,3264,3369,3224,3150,3661,3681,3579,3468,3662,1927,2015,1935,1919,2020,3690,3752,3641,3792,3555,3702,3377,3755,3849,3540,3408,3344,3231,3347,3345,3585,3441,3410,3575,3243,15181,15307,15610,15393,15844,14470,14374,14376,14276,14556,10410,10470,10394,10426,10378,12380,12755,12655,11897,12494,8067,8333,7794,7973,8285,6656,6589,6509,6572,6506,7486,7170,7381,7627,7647,6129,6305,6200,6088,6441,7369,7131,7411,7294,7252,4062,4107,3653,3959,4049,5580,5735,5715,5624,5471,4987,4846,4857,4921,4912,3676,3518,3602,3600,3459,4374,4568,4354,4551,4555,5581,5535,5515,5446,5526,3240,3104,3194,3370,3401,4866,5158,4847,5101,4959,5492,5255,5191,5499,5449,5602,5660,5753,5647,5846,4429,4652,4578,4539,4751
