Graph name,Upper Bound,FilWhINiTSd_tree_nr_0,FilWhINiTSd_tree_nr_0,FilWhINiTSd_tree_nr_0,FilWhINiTSd_tree_nr_0,FilWhINiTSd_tree_nr_0,FilWhINiTSd_tree_nr_1,FilWhINiTSd_tree_nr_1,FilWhINiTSd_tree_nr_1,FilWhINiTSd_tree_nr_1,FilWhINiTSd_tree_nr_1,FilWhINiTSd_tree_nr_2,FilWhINiTSd_tree_nr_2,FilWhINiTSd_tree_nr_2,FilWhINiTSd_tree_nr_2,FilWhINiTSd_tree_nr_2,FilWhINiTSd_tree_nr_3,FilWhINiTSd_tree_nr_3,FilWhINiTSd_tree_nr_3,FilWhINiTSd_tree_nr_3,FilWhINiTSd_tree_nr_3,FilWhINiTSd_tree_nr_4,FilWhINiTSd_tree_nr_4,FilWhINiTSd_tree_nr_4,FilWhINiTSd_tree_nr_4,FilWhINiTSd_tree_nr_4,FilWhINiTSd_tree_nr_5,FilWhINiTSd_tree_nr_5,FilWhINiTSd_tree_nr_5,FilWhINiTSd_tree_nr_5,FilWhINiTSd_tree_nr_5,FilWhINiTSd_tree_nr_6,FilWhINiTSd_tree_nr_6,FilWhINiTSd_tree_nr_6,FilWhINiTSd_tree_nr_6,FilWhINiTSd_tree_nr_6,FilWhINiTSd_tree_nr_7,FilWhINiTSd_tree_nr_7,FilWhINiTSd_tree_nr_7,FilWhINiTSd_tree_nr_7,FilWhINiTSd_tree_nr_7,FilWhINiTSd_tree_nr_8,FilWhINiTSd_tree_nr_8,FilWhINiTSd_tree_nr_8,FilWhINiTSd_tree_nr_8,FilWhINiTSd_tree_nr_8,FilWhINiTSd_tree_nr_9,FilWhINiTSd_tree_nr_9,FilWhINiTSd_tree_nr_9,FilWhINiTSd_tree_nr_9,FilWhINiTSd_tree_nr_9,FilWhINiTSd_tree_nr_10,FilWhINiTSd_tree_nr_10,FilWhINiTSd_tree_nr_10,FilWhINiTSd_tree_nr_10,FilWhINiTSd_tree_nr_10,FilWhINiTSd_tree_nr_11,FilWhINiTSd_tree_nr_11,FilWhINiTSd_tree_nr_11,FilWhINiTSd_tree_nr_11,FilWhINiTSd_tree_nr_11,FilWhINiTSd_tree_nr_12,FilWhINiTSd_tree_nr_12,FilWhINiTSd_tree_nr_12,FilWhINiTSd_tree_nr_12,FilWhINiTSd_tree_nr_12,FilWhINiTSd_tree_nr_13,FilWhINiTSd_tree_nr_13,FilWhINiTSd_tree_nr_13,FilWhINiTSd_tree_nr_13,FilWhINiTSd_tree_nr_13,FilWhINiTSd_tree_nr_14,FilWhINiTSd_tree_nr_14,FilWhINiTSd_tree_nr_14,FilWhINiTSd_tree_nr_14,FilWhINiTSd_tree_nr_14,FilWhINiTSd_tree_nr_15,FilWhINiTSd_tree_nr_15,FilWhINiTSd_tree_nr_15,FilWhINiTSd_tree_nr_15,FilWhINiTSd_tree_nr_15,FilWhINiTSd_tree_nr_16,FilWhINiTSd_tree_nr_16,FilWhINiTSd_tree_nr_16,FilWhINiTSd_tree_nr_16,FilWhINiTSd_tree_nr_16,FilWhINiTSd_tree_nr_17,FilWhINiTSd_tree_nr_17,FilWhINiTSd_tree_nr_17,FilWhINiTSd_tree_nr_17,FilWhINiTSd_tree_nr_17,FilWhINiTSd_tree_nr_18,FilWhINiTSd_tree_nr_18,FilWhINiTSd_tree_nr_18,FilWhINiTSd_tree_nr_18,FilWhINiTSd_tree_nr_18,FilWhINiTSd_tree_nr_19,FilWhINiTSd_tree_nr_19,FilWhINiTSd_tree_nr_19,FilWhINiTSd_tree_nr_19,FilWhINiTSd_tree_nr_19,MSTreINegIn_tree_nr_0,MSTreINegIn_tree_nr_0,MSTreINegIn_tree_nr_0,MSTreINegIn_tree_nr_0,MSTreINegIn_tree_nr_0,MSTreINegIn_tree_nr_1,MSTreINegIn_tree_nr_1,MSTreINegIn_tree_nr_1,MSTreINegIn_tree_nr_1,MSTreINegIn_tree_nr_1,MSTreINegIn_tree_nr_2,MSTreINegIn_tree_nr_2,MSTreINegIn_tree_nr_2,MSTreINegIn_tree_nr_2,MSTreINegIn_tree_nr_2,MSTreINegIn_tree_nr_3,MSTreINegIn_tree_nr_3,MSTreINegIn_tree_nr_3,MSTreINegIn_tree_nr_3,MSTreINegIn_tree_nr_3,MSTreINegIn_tree_nr_4,MSTreINegIn_tree_nr_4,MSTreINegIn_tree_nr_4,MSTreINegIn_tree_nr_4,MSTreINegIn_tree_nr_4,MSTreINegIn_tree_nr_5,MSTreINegIn_tree_nr_5,MSTreINegIn_tree_nr_5,MSTreINegIn_tree_nr_5,MSTreINegIn_tree_nr_5,MSTreINegIn_tree_nr_6,MSTreINegIn_tree_nr_6,MSTreINegIn_tree_nr_6,MSTreINegIn_tree_nr_6,MSTreINegIn_tree_nr_6,MSTreINegIn_tree_nr_7,MSTreINegIn_tree_nr_7,MSTreINegIn_tree_nr_7,MSTreINegIn_tree_nr_7,MSTreINegIn_tree_nr_7,MSTreINegIn_tree_nr_8,MSTreINegIn_tree_nr_8,MSTreINegIn_tree_nr_8,MSTreINegIn_tree_nr_8,MSTreINegIn_tree_nr_8,MSTreINegIn_tree_nr_9,MSTreINegIn_tree_nr_9,MSTreINegIn_tree_nr_9,MSTreINegIn_tree_nr_9,MSTreINegIn_tree_nr_9,MSTreINegIn_tree_nr_10,MSTreINegIn_tree_nr_10,MSTreINegIn_tree_nr_10,MSTreINegIn_tree_nr_10,MSTreINegIn_tree_nr_10,MSTreINegIn_tree_nr_11,MSTreINegIn_tree_nr_11,MSTreINegIn_tree_nr_11,MSTreINegIn_tree_nr_11,MSTreINegIn_tree_nr_11,MSTreINegIn_tree_nr_12,MSTreINegIn_tree_nr_12,MSTreINegIn_tree_nr_12,MSTreINegIn_tree_nr_12,MSTreINegIn_tree_nr_12,MSTreINegIn_tree_nr_13,MSTreINegIn_tree_nr_13,MSTreINegIn_tree_nr_13,MSTreINegIn_tree_nr_13,MSTreINegIn_tree_nr_13,MSTreINegIn_tree_nr_14,MSTreINegIn_tree_nr_14,MSTreINegIn_tree_nr_14,MSTreINegIn_tree_nr_14,MSTreINegIn_tree_nr_14,MSTreINegIn_tree_nr_15,MSTreINegIn_tree_nr_15,MSTreINegIn_tree_nr_15,MSTreINegIn_tree_nr_15,MSTreINegIn_tree_nr_15,MSTreINegIn_tree_nr_16,MSTreINegIn_tree_nr_16,MSTreINegIn_tree_nr_16,MSTreINegIn_tree_nr_16,MSTreINegIn_tree_nr_16,MSTreINegIn_tree_nr_17,MSTreINegIn_tree_nr_17,MSTreINegIn_tree_nr_17,MSTreINegIn_tree_nr_17,MSTreINegIn_tree_nr_17,MSTreINegIn_tree_nr_18,MSTreINegIn_tree_nr_18,MSTreINegIn_tree_nr_18,MSTreINegIn_tree_nr_18,MSTreINegIn_tree_nr_18,MSTreINegIn_tree_nr_19,MSTreINegIn_tree_nr_19,MSTreINegIn_tree_nr_19,MSTreINegIn_tree_nr_19,MSTreINegIn_tree_nr_19,FilWhINiTSdIBC2_tree_nr_0,FilWhINiTSdIBC2_tree_nr_0,FilWhINiTSdIBC2_tree_nr_0,FilWhINiTSdIBC2_tree_nr_0,FilWhINiTSdIBC2_tree_nr_0,FilWhINiTSdIBC2_tree_nr_1,FilWhINiTSdIBC2_tree_nr_1,FilWhINiTSdIBC2_tree_nr_1,FilWhINiTSdIBC2_tree_nr_1,FilWhINiTSdIBC2_tree_nr_1,FilWhINiTSdIBC2_tree_nr_2,FilWhINiTSdIBC2_tree_nr_2,FilWhINiTSdIBC2_tree_nr_2,FilWhINiTSdIBC2_tree_nr_2,FilWhINiTSdIBC2_tree_nr_2,FilWhINiTSdIBC2_tree_nr_3,FilWhINiTSdIBC2_tree_nr_3,FilWhINiTSdIBC2_tree_nr_3,FilWhINiTSdIBC2_tree_nr_3,FilWhINiTSdIBC2_tree_nr_3,FilWhINiTSdIBC2_tree_nr_4,FilWhINiTSdIBC2_tree_nr_4,FilWhINiTSdIBC2_tree_nr_4,FilWhINiTSdIBC2_tree_nr_4,FilWhINiTSdIBC2_tree_nr_4,FilWhINiTSdIBC2_tree_nr_5,FilWhINiTSdIBC2_tree_nr_5,FilWhINiTSdIBC2_tree_nr_5,FilWhINiTSdIBC2_tree_nr_5,FilWhINiTSdIBC2_tree_nr_5,FilWhINiTSdIBC2_tree_nr_6,FilWhINiTSdIBC2_tree_nr_6,FilWhINiTSdIBC2_tree_nr_6,FilWhINiTSdIBC2_tree_nr_6,FilWhINiTSdIBC2_tree_nr_6,FilWhINiTSdIBC2_tree_nr_7,FilWhINiTSdIBC2_tree_nr_7,FilWhINiTSdIBC2_tree_nr_7,FilWhINiTSdIBC2_tree_nr_7,FilWhINiTSdIBC2_tree_nr_7,FilWhINiTSdIBC2_tree_nr_8,FilWhINiTSdIBC2_tree_nr_8,FilWhINiTSdIBC2_tree_nr_8,FilWhINiTSdIBC2_tree_nr_8,FilWhINiTSdIBC2_tree_nr_8,FilWhINiTSdIBC2_tree_nr_9,FilWhINiTSdIBC2_tree_nr_9,FilWhINiTSdIBC2_tree_nr_9,FilWhINiTSdIBC2_tree_nr_9,FilWhINiTSdIBC2_tree_nr_9,FilWhINiTSdIBC2_tree_nr_10,FilWhINiTSdIBC2_tree_nr_10,FilWhINiTSdIBC2_tree_nr_10,FilWhINiTSdIBC2_tree_nr_10,FilWhINiTSdIBC2_tree_nr_10,FilWhINiTSdIBC2_tree_nr_11,FilWhINiTSdIBC2_tree_nr_11,FilWhINiTSdIBC2_tree_nr_11,FilWhINiTSdIBC2_tree_nr_11,FilWhINiTSdIBC2_tree_nr_11,FilWhINiTSdIBC2_tree_nr_12,FilWhINiTSdIBC2_tree_nr_12,FilWhINiTSdIBC2_tree_nr_12,FilWhINiTSdIBC2_tree_nr_12,FilWhINiTSdIBC2_tree_nr_12,FilWhINiTSdIBC2_tree_nr_13,FilWhINiTSdIBC2_tree_nr_13,FilWhINiTSdIBC2_tree_nr_13,FilWhINiTSdIBC2_tree_nr_13,FilWhINiTSdIBC2_tree_nr_13,FilWhINiTSdIBC2_tree_nr_14,FilWhINiTSdIBC2_tree_nr_14,FilWhINiTSdIBC2_tree_nr_14,FilWhINiTSdIBC2_tree_nr_14,FilWhINiTSdIBC2_tree_nr_14,FilWhINiTSdIBC2_tree_nr_15,FilWhINiTSdIBC2_tree_nr_15,FilWhINiTSdIBC2_tree_nr_15,FilWhINiTSdIBC2_tree_nr_15,FilWhINiTSdIBC2_tree_nr_15,FilWhINiTSdIBC2_tree_nr_16,FilWhINiTSdIBC2_tree_nr_16,FilWhINiTSdIBC2_tree_nr_16,FilWhINiTSdIBC2_tree_nr_16,FilWhINiTSdIBC2_tree_nr_16,FilWhINiTSdIBC2_tree_nr_17,FilWhINiTSdIBC2_tree_nr_17,FilWhINiTSdIBC2_tree_nr_17,FilWhINiTSdIBC2_tree_nr_17,FilWhINiTSdIBC2_tree_nr_17,FilWhINiTSdIBC2_tree_nr_18,FilWhINiTSdIBC2_tree_nr_18,FilWhINiTSdIBC2_tree_nr_18,FilWhINiTSdIBC2_tree_nr_18,FilWhINiTSdIBC2_tree_nr_18,FilWhINiTSdIBC2_tree_nr_19,FilWhINiTSdIBC2_tree_nr_19,FilWhINiTSdIBC2_tree_nr_19,FilWhINiTSdIBC2_tree_nr_19,FilWhINiTSdIBC2_tree_nr_19,MSTreINegInIBC2_tree_nr_0,MSTreINegInIBC2_tree_nr_0,MSTreINegInIBC2_tree_nr_0,MSTreINegInIBC2_tree_nr_0,MSTreINegInIBC2_tree_nr_0,MSTreINegInIBC2_tree_nr_1,MSTreINegInIBC2_tree_nr_1,MSTreINegInIBC2_tree_nr_1,MSTreINegInIBC2_tree_nr_1,MSTreINegInIBC2_tree_nr_1,MSTreINegInIBC2_tree_nr_2,MSTreINegInIBC2_tree_nr_2,MSTreINegInIBC2_tree_nr_2,MSTreINegInIBC2_tree_nr_2,MSTreINegInIBC2_tree_nr_2,MSTreINegInIBC2_tree_nr_3,MSTreINegInIBC2_tree_nr_3,MSTreINegInIBC2_tree_nr_3,MSTreINegInIBC2_tree_nr_3,MSTreINegInIBC2_tree_nr_3,MSTreINegInIBC2_tree_nr_4,MSTreINegInIBC2_tree_nr_4,MSTreINegInIBC2_tree_nr_4,MSTreINegInIBC2_tree_nr_4,MSTreINegInIBC2_tree_nr_4,MSTreINegInIBC2_tree_nr_5,MSTreINegInIBC2_tree_nr_5,MSTreINegInIBC2_tree_nr_5,MSTreINegInIBC2_tree_nr_5,MSTreINegInIBC2_tree_nr_5,MSTreINegInIBC2_tree_nr_6,MSTreINegInIBC2_tree_nr_6,MSTreINegInIBC2_tree_nr_6,MSTreINegInIBC2_tree_nr_6,MSTreINegInIBC2_tree_nr_6,MSTreINegInIBC2_tree_nr_7,MSTreINegInIBC2_tree_nr_7,MSTreINegInIBC2_tree_nr_7,MSTreINegInIBC2_tree_nr_7,MSTreINegInIBC2_tree_nr_7,MSTreINegInIBC2_tree_nr_8,MSTreINegInIBC2_tree_nr_8,MSTreINegInIBC2_tree_nr_8,MSTreINegInIBC2_tree_nr_8,MSTreINegInIBC2_tree_nr_8,MSTreINegInIBC2_tree_nr_9,MSTreINegInIBC2_tree_nr_9,MSTreINegInIBC2_tree_nr_9,MSTreINegInIBC2_tree_nr_9,MSTreINegInIBC2_tree_nr_9,MSTreINegInIBC2_tree_nr_10,MSTreINegInIBC2_tree_nr_10,MSTreINegInIBC2_tree_nr_10,MSTreINegInIBC2_tree_nr_10,MSTreINegInIBC2_tree_nr_10,MSTreINegInIBC2_tree_nr_11,MSTreINegInIBC2_tree_nr_11,MSTreINegInIBC2_tree_nr_11,MSTreINegInIBC2_tree_nr_11,MSTreINegInIBC2_tree_nr_11,MSTreINegInIBC2_tree_nr_12,MSTreINegInIBC2_tree_nr_12,MSTreINegInIBC2_tree_nr_12,MSTreINegInIBC2_tree_nr_12,MSTreINegInIBC2_tree_nr_12,MSTreINegInIBC2_tree_nr_13,MSTreINegInIBC2_tree_nr_13,MSTreINegInIBC2_tree_nr_13,MSTreINegInIBC2_tree_nr_13,MSTreINegInIBC2_tree_nr_13,MSTreINegInIBC2_tree_nr_14,MSTreINegInIBC2_tree_nr_14,MSTreINegInIBC2_tree_nr_14,MSTreINegInIBC2_tree_nr_14,MSTreINegInIBC2_tree_nr_14,MSTreINegInIBC2_tree_nr_15,MSTreINegInIBC2_tree_nr_15,MSTreINegInIBC2_tree_nr_15,MSTreINegInIBC2_tree_nr_15,MSTreINegInIBC2_tree_nr_15,MSTreINegInIBC2_tree_nr_16,MSTreINegInIBC2_tree_nr_16,MSTreINegInIBC2_tree_nr_16,MSTreINegInIBC2_tree_nr_16,MSTreINegInIBC2_tree_nr_16,MSTreINegInIBC2_tree_nr_17,MSTreINegInIBC2_tree_nr_17,MSTreINegInIBC2_tree_nr_17,MSTreINegInIBC2_tree_nr_17,MSTreINegInIBC2_tree_nr_17,MSTreINegInIBC2_tree_nr_18,MSTreINegInIBC2_tree_nr_18,MSTreINegInIBC2_tree_nr_18,MSTreINegInIBC2_tree_nr_18,MSTreINegInIBC2_tree_nr_18,MSTreINegInIBC2_tree_nr_19,MSTreINegInIBC2_tree_nr_19,MSTreINegInIBC2_tree_nr_19,MSTreINegInIBC2_tree_nr_19,MSTreINegInIBC2_tree_nr_19,FilWhINiTSdIBC-1_tree_nr_0,FilWhINiTSdIBC-1_tree_nr_0,FilWhINiTSdIBC-1_tree_nr_0,FilWhINiTSdIBC-1_tree_nr_0,FilWhINiTSdIBC-1_tree_nr_0,FilWhINiTSdIBC-1_tree_nr_1,FilWhINiTSdIBC-1_tree_nr_1,FilWhINiTSdIBC-1_tree_nr_1,FilWhINiTSdIBC-1_tree_nr_1,FilWhINiTSdIBC-1_tree_nr_1,FilWhINiTSdIBC-1_tree_nr_2,FilWhINiTSdIBC-1_tree_nr_2,FilWhINiTSdIBC-1_tree_nr_2,FilWhINiTSdIBC-1_tree_nr_2,FilWhINiTSdIBC-1_tree_nr_2,FilWhINiTSdIBC-1_tree_nr_3,FilWhINiTSdIBC-1_tree_nr_3,FilWhINiTSdIBC-1_tree_nr_3,FilWhINiTSdIBC-1_tree_nr_3,FilWhINiTSdIBC-1_tree_nr_3,FilWhINiTSdIBC-1_tree_nr_4,FilWhINiTSdIBC-1_tree_nr_4,FilWhINiTSdIBC-1_tree_nr_4,FilWhINiTSdIBC-1_tree_nr_4,FilWhINiTSdIBC-1_tree_nr_4,FilWhINiTSdIBC-1_tree_nr_5,FilWhINiTSdIBC-1_tree_nr_5,FilWhINiTSdIBC-1_tree_nr_5,FilWhINiTSdIBC-1_tree_nr_5,FilWhINiTSdIBC-1_tree_nr_5,FilWhINiTSdIBC-1_tree_nr_6,FilWhINiTSdIBC-1_tree_nr_6,FilWhINiTSdIBC-1_tree_nr_6,FilWhINiTSdIBC-1_tree_nr_6,FilWhINiTSdIBC-1_tree_nr_6,FilWhINiTSdIBC-1_tree_nr_7,FilWhINiTSdIBC-1_tree_nr_7,FilWhINiTSdIBC-1_tree_nr_7,FilWhINiTSdIBC-1_tree_nr_7,FilWhINiTSdIBC-1_tree_nr_7,FilWhINiTSdIBC-1_tree_nr_8,FilWhINiTSdIBC-1_tree_nr_8,FilWhINiTSdIBC-1_tree_nr_8,FilWhINiTSdIBC-1_tree_nr_8,FilWhINiTSdIBC-1_tree_nr_8,FilWhINiTSdIBC-1_tree_nr_9,FilWhINiTSdIBC-1_tree_nr_9,FilWhINiTSdIBC-1_tree_nr_9,FilWhINiTSdIBC-1_tree_nr_9,FilWhINiTSdIBC-1_tree_nr_9,FilWhINiTSdIBC-1_tree_nr_10,FilWhINiTSdIBC-1_tree_nr_10,FilWhINiTSdIBC-1_tree_nr_10,FilWhINiTSdIBC-1_tree_nr_10,FilWhINiTSdIBC-1_tree_nr_10,FilWhINiTSdIBC-1_tree_nr_11,FilWhINiTSdIBC-1_tree_nr_11,FilWhINiTSdIBC-1_tree_nr_11,FilWhINiTSdIBC-1_tree_nr_11,FilWhINiTSdIBC-1_tree_nr_11,FilWhINiTSdIBC-1_tree_nr_12,FilWhINiTSdIBC-1_tree_nr_12,FilWhINiTSdIBC-1_tree_nr_12,FilWhINiTSdIBC-1_tree_nr_12,FilWhINiTSdIBC-1_tree_nr_12,FilWhINiTSdIBC-1_tree_nr_13,FilWhINiTSdIBC-1_tree_nr_13,FilWhINiTSdIBC-1_tree_nr_13,FilWhINiTSdIBC-1_tree_nr_13,FilWhINiTSdIBC-1_tree_nr_13,FilWhINiTSdIBC-1_tree_nr_14,FilWhINiTSdIBC-1_tree_nr_14,FilWhINiTSdIBC-1_tree_nr_14,FilWhINiTSdIBC-1_tree_nr_14,FilWhINiTSdIBC-1_tree_nr_14,FilWhINiTSdIBC-1_tree_nr_15,FilWhINiTSdIBC-1_tree_nr_15,FilWhINiTSdIBC-1_tree_nr_15,FilWhINiTSdIBC-1_tree_nr_15,FilWhINiTSdIBC-1_tree_nr_15,FilWhINiTSdIBC-1_tree_nr_16,FilWhINiTSdIBC-1_tree_nr_16,FilWhINiTSdIBC-1_tree_nr_16,FilWhINiTSdIBC-1_tree_nr_16,FilWhINiTSdIBC-1_tree_nr_16,FilWhINiTSdIBC-1_tree_nr_17,FilWhINiTSdIBC-1_tree_nr_17,FilWhINiTSdIBC-1_tree_nr_17,FilWhINiTSdIBC-1_tree_nr_17,FilWhINiTSdIBC-1_tree_nr_17,FilWhINiTSdIBC-1_tree_nr_18,FilWhINiTSdIBC-1_tree_nr_18,FilWhINiTSdIBC-1_tree_nr_18,FilWhINiTSdIBC-1_tree_nr_18,FilWhINiTSdIBC-1_tree_nr_18,FilWhINiTSdIBC-1_tree_nr_19,FilWhINiTSdIBC-1_tree_nr_19,FilWhINiTSdIBC-1_tree_nr_19,FilWhINiTSdIBC-1_tree_nr_19,FilWhINiTSdIBC-1_tree_nr_19,MSTreINegInIBC-1_tree_nr_0,MSTreINegInIBC-1_tree_nr_0,MSTreINegInIBC-1_tree_nr_0,MSTreINegInIBC-1_tree_nr_0,MSTreINegInIBC-1_tree_nr_0,MSTreINegInIBC-1_tree_nr_1,MSTreINegInIBC-1_tree_nr_1,MSTreINegInIBC-1_tree_nr_1,MSTreINegInIBC-1_tree_nr_1,MSTreINegInIBC-1_tree_nr_1,MSTreINegInIBC-1_tree_nr_2,MSTreINegInIBC-1_tree_nr_2,MSTreINegInIBC-1_tree_nr_2,MSTreINegInIBC-1_tree_nr_2,MSTreINegInIBC-1_tree_nr_2,MSTreINegInIBC-1_tree_nr_3,MSTreINegInIBC-1_tree_nr_3,MSTreINegInIBC-1_tree_nr_3,MSTreINegInIBC-1_tree_nr_3,MSTreINegInIBC-1_tree_nr_3,MSTreINegInIBC-1_tree_nr_4,MSTreINegInIBC-1_tree_nr_4,MSTreINegInIBC-1_tree_nr_4,MSTreINegInIBC-1_tree_nr_4,MSTreINegInIBC-1_tree_nr_4,MSTreINegInIBC-1_tree_nr_5,MSTreINegInIBC-1_tree_nr_5,MSTreINegInIBC-1_tree_nr_5,MSTreINegInIBC-1_tree_nr_5,MSTreINegInIBC-1_tree_nr_5,MSTreINegInIBC-1_tree_nr_6,MSTreINegInIBC-1_tree_nr_6,MSTreINegInIBC-1_tree_nr_6,MSTreINegInIBC-1_tree_nr_6,MSTreINegInIBC-1_tree_nr_6,MSTreINegInIBC-1_tree_nr_7,MSTreINegInIBC-1_tree_nr_7,MSTreINegInIBC-1_tree_nr_7,MSTreINegInIBC-1_tree_nr_7,MSTreINegInIBC-1_tree_nr_7,MSTreINegInIBC-1_tree_nr_8,MSTreINegInIBC-1_tree_nr_8,MSTreINegInIBC-1_tree_nr_8,MSTreINegInIBC-1_tree_nr_8,MSTreINegInIBC-1_tree_nr_8,MSTreINegInIBC-1_tree_nr_9,MSTreINegInIBC-1_tree_nr_9,MSTreINegInIBC-1_tree_nr_9,MSTreINegInIBC-1_tree_nr_9,MSTreINegInIBC-1_tree_nr_9,MSTreINegInIBC-1_tree_nr_10,MSTreINegInIBC-1_tree_nr_10,MSTreINegInIBC-1_tree_nr_10,MSTreINegInIBC-1_tree_nr_10,MSTreINegInIBC-1_tree_nr_10,MSTreINegInIBC-1_tree_nr_11,MSTreINegInIBC-1_tree_nr_11,MSTreINegInIBC-1_tree_nr_11,MSTreINegInIBC-1_tree_nr_11,MSTreINegInIBC-1_tree_nr_11,MSTreINegInIBC-1_tree_nr_12,MSTreINegInIBC-1_tree_nr_12,MSTreINegInIBC-1_tree_nr_12,MSTreINegInIBC-1_tree_nr_12,MSTreINegInIBC-1_tree_nr_12,MSTreINegInIBC-1_tree_nr_13,MSTreINegInIBC-1_tree_nr_13,MSTreINegInIBC-1_tree_nr_13,MSTreINegInIBC-1_tree_nr_13,MSTreINegInIBC-1_tree_nr_13,MSTreINegInIBC-1_tree_nr_14,MSTreINegInIBC-1_tree_nr_14,MSTreINegInIBC-1_tree_nr_14,MSTreINegInIBC-1_tree_nr_14,MSTreINegInIBC-1_tree_nr_14,MSTreINegInIBC-1_tree_nr_15,MSTreINegInIBC-1_tree_nr_15,MSTreINegInIBC-1_tree_nr_15,MSTreINegInIBC-1_tree_nr_15,MSTreINegInIBC-1_tree_nr_15,MSTreINegInIBC-1_tree_nr_16,MSTreINegInIBC-1_tree_nr_16,MSTreINegInIBC-1_tree_nr_16,MSTreINegInIBC-1_tree_nr_16,MSTreINegInIBC-1_tree_nr_16,MSTreINegInIBC-1_tree_nr_17,MSTreINegInIBC-1_tree_nr_17,MSTreINegInIBC-1_tree_nr_17,MSTreINegInIBC-1_tree_nr_17,MSTreINegInIBC-1_tree_nr_17,MSTreINegInIBC-1_tree_nr_18,MSTreINegInIBC-1_tree_nr_18,MSTreINegInIBC-1_tree_nr_18,MSTreINegInIBC-1_tree_nr_18,MSTreINegInIBC-1_tree_nr_18,MSTreINegInIBC-1_tree_nr_19,MSTreINegInIBC-1_tree_nr_19,MSTreINegInIBC-1_tree_nr_19,MSTreINegInIBC-1_tree_nr_19,MSTreINegInIBC-1_tree_nr_19
(50;5;30),5,15,12,15,15,15,14,15,19,17,14,15,12,11,12,12,9,13,12,11,10,10,9,10,11,10,19,17,18,15,16,17,15,17,16,15,15,12,18,16,15,10,13,11,10,13,15,15,13,16,17,11,10,13,11,13,11,15,18,16,17,11,12,11,13,10,18,19,14,17,16,13,15,19,17,17,17,14,14,16,15,16,16,15,17,14,13,10,9,11,10,12,9,11,15,10,15,13,14,11,14,19,16,19,21,20,22,17,22,21,18,16,20,21,19,21,16,15,15,17,16,15,18,22,17,16,17,15,16,14,16,21,21,20,19,24,13,19,21,18,18,16,14,20,18,16,23,16,21,21,23,14,15,15,16,19,20,23,26,23,19,11,12,13,12,12,24,23,29,21,23,19,22,23,21,20,27,22,23,20,18,22,17,22,16,19,14,15,16,15,12,13,14,13,15,14,19,18,17,20,16,40,37,43,38,41,38,40,44,40,36,38,44,40,42,41,41,37,33,41,44,39,37,40,41,36,33,34,35,40,35,36,47,32,41,34,38,41,36,40,43,36,42,36,40,40,34,37,37,36,43,36,40,39,32,32,43,37,42,39,40,45,40,35,30,38,38,43,35,43,41,44,43,39,36,40,33,34,36,45,36,35,36,36,37,41,31,33,35,38,45,35,40,42,36,36,39,40,31,39,40,34,36,36,38,34,41,40,40,41,37,44,39,42,39,46,36,41,39,37,45,38,42,39,38,39,36,38,39,36,33,41,37,42,44,40,37,39,39,38,39,43,41,45,42,35,34,39,34,39,40,44,43,38,38,37,43,34,40,37,38,36,41,40,32,41,35,41,36,36,41,31,41,34,39,39,40,34,37,38,36,36,40,37,38,38,36,36,32,43,36,29,32,31,30,39,48,41,39,40,39,11,14,14,13,12,16,16,16,15,14,12,13,14,11,15,12,10,12,11,10,9,10,9,10,9,16,18,14,16,18,19,16,17,18,17,16,19,17,14,18,20,17,18,14,19,19,23,22,21,21,11,10,11,14,16,19,15,17,12,12,9,12,12,13,12,18,21,13,13,15,17,18,24,23,23,15,15,12,17,13,13,21,17,18,14,11,14,10,12,12,11,12,18,13,12,15,19,14,15,13,16,20,18,19,17,20,16,16,23,17,21,23,22,20,20,14,15,13,11,17,18,17,21,19,15,16,18,19,19,24,22,20,20,18,24,21,20,18,21,22,16,19,15,16,23,22,33,24,22,24,15,15,18,19,15,16,19,21,23,22,14,13,15,14,16,14,17,21,21,23,25,18,23,25,23,24,20,21,24,24,19,21,25,17,18,17,19,18,18,11,15,14,14,14,15,18,20,15,18,19
(50;5;40),5,13,13,10,16,19,12,16,13,15,12,12,13,11,17,14,22,24,21,17,19,10,13,12,13,10,19,17,12,12,18,20,13,22,20,19,14,13,12,13,13,14,20,16,12,10,16,12,9,14,10,13,11,11,12,14,15,15,15,14,15,20,18,16,13,17,14,14,19,17,19,16,15,17,18,20,14,16,19,15,17,17,18,19,14,27,12,16,12,10,16,14,16,16,20,16,14,11,14,13,12,18,22,18,19,20,17,16,17,18,17,20,15,15,20,13,23,26,17,22,19,17,18,20,14,14,19,20,22,21,22,19,21,19,23,17,17,16,19,15,19,18,15,15,17,15,17,17,20,16,18,17,14,16,15,16,21,18,15,20,15,25,24,26,26,27,21,22,18,19,25,15,14,16,19,16,15,13,14,14,11,24,22,23,20,19,17,15,17,16,16,15,18,18,18,20,14,13,17,19,20,36,37,36,35,38,27,26,36,34,37,36,37,35,31,34,33,37,35,38,38,32,36,33,41,31,41,38,36,37,39,42,39,34,39,29,40,38,32,38,38,39,32,37,42,36,40,33,40,37,31,41,38,32,35,37,34,38,32,38,34,36,32,34,34,34,31,39,38,41,33,38,39,38,40,29,33,37,35,32,42,29,35,33,40,35,34,32,36,35,33,35,30,37,33,32,33,30,33,37,38,38,35,33,40,34,33,38,31,34,35,31,29,31,31,30,35,36,31,34,38,40,39,37,37,30,32,33,35,36,35,36,29,34,36,38,33,35,41,38,35,38,42,34,34,36,38,33,35,33,38,35,39,38,41,40,36,37,35,33,32,32,32,34,29,34,31,33,26,34,35,29,32,28,31,34,36,36,19,31,36,33,32,27,35,38,32,31,32,34,31,36,37,30,38,28,30,30,32,36,33,15,18,11,14,18,12,12,14,13,16,10,14,18,14,16,22,16,19,21,17,13,11,11,10,12,14,14,13,15,15,13,17,20,16,13,13,18,17,14,15,14,17,15,15,13,15,14,15,17,14,10,11,13,12,12,13,13,15,14,13,16,16,19,20,15,15,16,16,13,15,16,16,15,14,19,12,16,16,15,13,21,21,21,19,16,16,15,16,12,18,17,20,17,19,18,15,12,12,13,16,22,21,15,19,21,19,15,17,21,16,21,19,16,16,20,22,22,17,22,24,13,18,18,18,17,15,19,18,20,15,25,19,23,26,18,18,20,22,19,25,19,19,17,16,17,18,19,13,16,15,15,19,17,16,14,18,15,20,14,17,25,23,19,27,19,23,19,22,24,18,19,19,22,17,17,17,15,14,15,15,21,24,28,20,24,16,15,14,23,18,22,21,15,22,21,19,14,16,18,20
(50;5;50),5,16,9,11,11,12,12,13,12,16,15,13,17,19,14,16,20,12,16,13,15,17,15,16,18,13,17,19,20,19,22,16,22,15,19,14,10,12,10,9,10,16,17,17,19,12,18,18,17,22,17,21,18,17,16,20,16,18,21,15,14,12,18,18,15,15,19,15,18,15,12,16,14,19,16,15,23,22,21,18,23,22,19,22,23,18,20,19,15,18,20,15,17,15,18,18,17,17,18,19,20,14,19,17,14,10,18,16,20,14,16,22,22,18,19,26,16,21,20,16,14,16,15,17,18,19,16,16,21,23,18,22,19,20,20,22,12,12,14,15,15,17,27,17,19,16,16,23,20,17,19,19,24,18,21,13,16,19,14,19,21,17,15,19,14,18,17,20,16,18,16,19,21,23,18,17,19,15,25,19,22,19,22,27,22,19,25,17,15,23,23,19,20,21,18,18,19,25,19,21,22,27,31,33,19,30,33,31,34,38,30,34,35,36,34,35,34,38,34,33,31,36,34,33,31,31,39,33,33,33,30,33,37,34,34,33,28,25,35,36,30,34,33,34,34,38,34,34,34,33,35,37,36,36,34,33,33,36,35,35,35,29,34,30,37,31,35,25,32,30,29,33,34,30,34,35,28,37,28,38,36,30,33,32,34,34,34,37,29,38,32,37,28,33,31,28,32,34,36,37,31,35,34,27,30,29,29,32,31,28,30,36,36,38,36,39,31,30,31,32,28,38,32,32,30,37,35,30,32,33,34,27,28,33,28,32,26,27,27,24,38,35,36,26,29,39,27,29,28,31,36,31,28,31,38,26,30,34,28,31,31,28,33,43,32,33,28,33,30,26,34,30,31,27,38,30,28,37,38,31,33,22,36,29,25,23,30,31,35,41,35,32,31,27,26,32,26,33,32,25,24,11,12,10,10,11,13,16,13,14,12,18,13,17,15,16,16,15,19,18,17,17,15,15,18,16,20,16,18,20,15,18,19,17,18,16,14,9,10,9,12,15,16,16,17,16,16,18,20,19,18,22,25,21,22,22,15,15,17,14,16,17,15,13,16,17,15,14,20,18,17,15,19,23,21,19,20,16,16,16,17,24,23,22,20,21,14,18,17,14,15,20,18,17,20,19,19,21,23,19,23,13,12,10,22,19,18,16,19,21,17,22,19,22,20,23,17,16,18,22,20,16,15,18,14,17,24,20,23,22,19,22,18,22,17,20,15,13,17,16,16,18,18,18,16,18,16,19,19,22,26,19,20,19,17,24,17,20,18,19,21,19,19,16,13,15,18,19,18,22,15,23,18,23,24,19,21,23,19,19,19,25,24,20,22,24,19,18,18,24,20,21,24,21,20,23,22,23,24,25,24
(100;5;30),5,19,16,16,20,15,23,25,22,19,21,11,22,16,21,15,20,30,31,32,28,18,12,10,22,13,24,22,23,22,21,21,21,21,22,20,21,18,19,19,28,17,15,19,21,18,23,11,20,17,16,20,23,19,21,18,21,24,21,25,19,19,15,20,20,22,21,33,22,26,28,21,16,19,24,18,16,18,18,17,17,20,21,18,23,20,21,23,22,24,17,25,24,23,17,22,11,15,15,15,14,25,19,16,19,16,30,34,28,36,32,17,22,15,18,23,30,39,40,34,31,23,23,16,16,21,28,26,26,27,27,22,28,23,22,22,34,26,28,32,27,21,20,24,23,23,27,32,38,26,30,31,27,40,49,20,21,33,27,29,22,24,35,35,33,35,39,30,25,28,35,27,23,29,31,25,26,21,24,26,23,33,27,27,29,36,31,24,30,32,26,34,25,29,22,30,19,22,17,17,16,79,86,81,69,77,62,72,74,81,77,68,74,76,82,75,88,80,75,86,79,78,76,72,77,78,77,79,77,82,84,78,73,75,73,81,78,84,79,85,81,69,64,62,69,74,74,56,65,74,66,66,68,79,82,79,74,78,75,73,75,77,71,84,80,86,83,80,89,72,87,82,78,77,74,79,79,76,78,78,73,70,80,76,83,81,68,78,78,79,69,80,82,87,81,80,72,74,83,70,79,76,78,72,67,70,86,83,89,75,73,85,77,74,88,79,67,77,71,70,77,73,85,84,82,87,78,79,73,80,79,78,73,80,80,86,76,77,76,71,65,68,69,68,72,80,68,51,68,69,74,68,89,71,86,75,78,80,76,57,91,68,81,76,79,70,68,81,81,75,79,79,77,75,73,75,79,75,75,71,69,61,82,72,81,72,77,78,87,75,77,61,73,61,73,81,64,77,68,73,71,21,23,22,23,22,24,26,22,22,26,19,18,21,17,18,34,25,37,31,27,13,12,12,13,12,27,16,18,21,29,24,22,22,18,26,26,26,24,27,30,22,24,16,19,21,13,14,17,21,15,22,20,24,22,20,16,21,26,16,18,17,25,19,22,15,31,27,36,27,24,28,26,20,26,26,17,14,17,15,15,22,24,25,28,19,23,24,20,27,23,21,30,21,18,21,15,17,12,15,18,25,34,28,21,23,28,32,29,31,27,23,16,28,30,17,44,40,34,31,37,19,31,20,20,15,36,32,30,24,28,26,20,24,29,24,37,27,30,31,31,29,21,21,25,26,26,35,30,29,34,37,33,28,23,38,34,28,28,35,33,25,37,34,33,31,29,27,37,36,28,34,39,31,33,41,21,23,20,26,26,29,32,23,34,28,27,26,30,26,23,35,39,24,29,24,22,17,26,29,21
(100;5;40),5,34,30,20,23,23,17,14,16,22,17,19,22,21,24,20,22,20,23,24,20,23,28,22,29,26,21,20,20,19,20,26,25,25,23,23,21,19,30,20,17,19,26,30,23,22,16,19,19,23,24,20,22,22,21,24,22,22,20,22,19,27,23,30,25,31,20,17,18,26,20,18,17,20,17,18,21,27,18,26,31,20,27,25,23,24,29,24,22,25,23,27,27,26,28,30,22,29,21,21,21,41,34,33,31,39,26,24,26,23,25,39,37,40,38,33,25,26,28,22,27,30,32,27,31,43,24,29,20,26,27,26,31,29,35,34,30,29,32,25,25,38,38,28,30,31,22,29,24,24,28,24,24,29,32,37,34,36,32,27,26,31,34,31,31,33,26,30,26,26,26,34,32,25,22,25,25,27,25,33,24,42,23,24,30,26,38,35,28,37,25,27,34,28,24,36,42,31,30,33,32,81,70,67,75,78,57,77,71,76,70,78,73,86,80,86,67,67,71,81,74,75,84,71,76,78,60,70,68,67,63,68,72,85,71,71,76,70,70,77,80,79,81,73,86,87,72,72,69,82,67,67,75,78,69,71,69,74,66,77,72,74,77,78,77,80,69,75,61,72,67,48,65,70,65,76,77,83,64,70,77,77,68,75,70,67,80,69,69,79,78,72,70,76,70,68,67,71,69,75,70,69,77,74,70,73,68,82,66,77,70,82,77,82,77,87,62,68,70,69,66,65,78,63,58,61,53,82,57,73,70,73,66,63,72,56,71,76,69,72,72,59,80,68,67,73,57,65,59,75,78,84,70,65,75,79,72,71,78,70,71,73,77,71,85,83,63,72,71,72,65,67,63,72,72,58,77,69,85,73,85,73,75,80,58,61,69,74,56,69,71,74,75,79,67,65,79,78,72,70,62,25,22,23,27,29,16,18,16,21,18,24,24,22,27,24,20,23,21,26,26,27,21,20,19,26,20,22,22,18,16,26,28,28,22,26,33,31,26,24,24,20,21,24,35,21,23,20,20,19,18,25,23,22,25,22,29,17,25,29,21,26,31,24,37,23,15,19,20,27,19,18,18,20,15,17,24,22,23,23,26,25,22,19,24,29,24,22,25,27,32,25,27,24,25,24,22,30,26,27,18,32,29,28,33,39,19,18,21,24,22,27,32,44,23,35,28,28,24,30,27,37,30,24,29,35,20,29,25,34,28,40,31,40,30,28,39,41,37,29,31,36,30,32,40,28,29,27,24,27,27,37,28,36,46,41,36,35,39,38,30,34,30,46,34,35,31,25,32,29,27,27,26,24,26,26,35,31,27,26,35,28,25,28,27,26,30,28,33,39,27,23,24,31,28,28,33,36,35,21,35
(100;5;50),5,16,22,17,20,20,22,22,23,21,22,40,31,33,33,35,35,27,26,32,35,26,25,32,26,33,29,31,37,38,27,31,29,31,29,26,33,31,29,28,29,22,26,26,26,23,30,21,24,26,28,24,31,31,24,20,20,22,21,28,22,27,24,25,25,22,33,38,34,30,31,20,20,25,21,16,27,24,29,23,30,19,23,21,20,27,25,33,23,26,23,19,26,31,31,27,30,29,26,28,30,26,31,23,25,28,22,22,28,24,28,44,35,26,33,31,43,38,30,41,42,38,27,39,29,35,46,35,43,48,42,34,32,30,35,37,36,36,38,33,37,29,31,29,26,31,29,29,27,35,30,25,28,27,26,28,31,31,39,27,41,25,23,29,28,35,38,35,34,34,35,37,22,32,30,31,29,28,33,33,30,37,30,33,29,37,35,33,34,45,35,36,35,36,26,34,33,25,29,32,34,72,66,67,69,65,69,69,63,75,72,66,74,75,72,60,71,77,66,69,61,66,77,65,62,63,69,58,69,76,66,62,57,61,64,69,74,71,74,74,75,62,63,65,55,78,57,72,54,65,64,74,65,78,67,67,66,72,55,63,68,67,52,66,56,51,63,65,73,70,63,70,73,63,62,60,70,64,63,71,71,77,65,72,78,67,66,69,61,72,61,66,65,61,69,76,68,64,58,64,69,55,78,72,61,70,60,67,65,70,72,45,53,64,56,47,59,71,66,62,67,58,61,62,64,61,65,72,53,60,60,66,57,68,58,71,79,69,66,71,82,64,64,56,60,64,55,58,54,70,61,79,66,71,57,61,63,79,60,68,70,56,52,49,48,54,51,67,57,65,58,68,65,74,55,69,60,76,72,67,69,57,58,59,63,70,59,69,68,60,73,73,65,69,67,69,71,50,65,75,59,28,22,17,19,24,19,18,18,19,19,33,37,36,37,28,30,31,34,25,32,21,32,30,26,27,31,27,37,27,30,31,27,35,29,43,31,32,30,31,30,21,22,21,23,25,26,26,36,35,27,23,28,29,26,23,23,33,30,20,21,22,24,22,26,24,31,37,27,35,40,23,25,23,28,23,27,35,26,25,25,18,29,26,21,27,22,24,26,31,24,27,24,42,24,36,31,29,28,22,24,28,26,24,20,26,31,31,23,24,23,44,37,40,36,35,40,34,45,40,39,35,40,29,39,35,39,44,50,34,42,38,31,46,36,45,32,35,39,39,43,25,26,28,25,22,34,39,27,37,39,37,36,27,33,30,28,35,33,23,34,22,26,25,29,26,29,35,36,34,30,25,30,26,28,29,31,32,33,35,32,36,35,36,35,24,39,33,33,33,32,36,33,36,33,36,27,38,34,30,32
(200;5;30),5,30,17,22,25,22,30,36,30,38,39,26,30,33,34,31,38,34,39,40,31,22,33,35,23,26,27,23,23,27,23,28,24,28,27,26,24,29,43,29,25,35,40,48,35,41,23,35,20,24,30,36,43,41,37,38,28,24,28,26,27,39,35,45,42,35,40,32,39,33,42,24,40,32,21,36,34,34,35,31,34,38,31,27,26,36,30,37,35,27,38,30,21,28,25,23,28,29,20,29,22,35,38,32,42,43,41,36,46,42,49,32,35,35,31,42,40,51,41,36,48,37,37,41,34,42,37,34,29,42,36,37,44,39,39,39,52,48,35,43,45,62,56,62,45,56,42,34,38,39,31,40,47,56,45,56,35,31,28,29,27,38,35,36,38,36,51,44,32,41,44,39,27,26,36,30,44,40,45,44,42,44,29,26,40,39,51,57,46,51,47,52,55,53,38,45,35,32,30,46,34,157,156,142,163,154,178,161,160,144,157,159,152,138,145,152,163,144,168,159,167,140,132,168,160,133,134,148,144,154,155,155,151,151,140,177,145,156,151,150,144,161,151,157,176,159,142,142,139,143,161,150,146,133,138,158,159,151,142,157,151,161,155,154,145,157,145,158,155,155,153,146,142,152,139,145,167,147,162,149,134,173,147,154,169,124,143,153,145,158,152,160,170,145,158,139,139,141,156,149,149,154,123,177,148,159,134,154,149,125,159,162,124,125,142,138,142,146,163,153,161,143,143,165,163,169,138,137,162,115,125,162,165,161,144,147,137,150,164,113,141,141,159,147,163,173,138,128,133,138,145,148,157,147,135,123,136,166,118,122,164,150,156,149,143,146,145,131,152,148,146,155,125,140,151,147,148,132,143,140,110,139,135,148,105,151,147,138,148,158,141,167,170,146,184,158,141,101,126,146,122,23,25,24,25,24,39,28,41,27,32,25,32,28,31,27,50,45,36,46,35,39,27,33,28,28,28,27,27,24,28,24,28,35,30,27,31,34,38,45,29,38,37,41,41,41,23,22,32,22,24,39,36,33,37,35,41,36,38,28,48,48,34,32,34,44,33,40,34,34,37,22,35,31,33,24,25,35,31,25,41,26,27,37,32,28,42,32,42,38,46,24,32,22,33,24,27,26,24,26,29,42,37,41,35,43,42,40,44,45,42,42,38,53,37,37,55,55,48,44,57,43,36,39,55,38,38,28,42,37,46,41,32,34,40,45,38,48,53,70,55,59,35,42,54,45,42,32,33,30,34,45,45,40,51,48,37,54,55,43,60,62,46,48,41,40,38,36,56,57,54,34,30,37,37,35,40,56,40,34,48,40,58,36,40,24,48,37,52,53,55,36,54,38,47,38,36,42,54,36,36
(200;5;40),5,34,38,38,36,39,50,41,45,45,39,50,45,25,30,38,34,41,36,33,45,29,30,39,31,29,56,42,42,39,47,36,30,28,39,35,39,44,35,54,55,29,32,33,35,31,35,29,33,36,37,45,47,44,42,39,26,22,33,20,20,38,42,28,28,40,32,25,29,29,27,40,35,41,33,26,36,27,40,29,35,41,45,40,40,42,35,28,27,30,36,44,42,44,44,40,27,28,24,41,38,39,46,39,51,47,58,53,56,55,50,60,39,52,46,47,52,52,58,71,46,51,53,51,53,60,42,50,57,62,55,51,46,69,51,42,46,53,62,65,48,39,49,42,45,43,54,55,50,45,45,50,51,57,44,57,39,43,27,40,27,37,38,36,46,37,42,32,39,46,38,38,43,55,59,49,48,45,48,43,55,55,48,53,53,36,65,49,50,46,54,56,42,54,57,69,40,36,42,31,51,150,145,161,145,146,160,144,145,153,137,145,138,146,130,141,134,157,128,159,142,159,133,92,137,136,133,150,151,150,147,156,148,142,161,145,135,147,165,140,138,141,155,148,137,145,139,135,142,142,129,136,155,154,138,133,141,142,154,135,150,152,144,160,133,147,140,129,143,129,138,165,150,133,142,151,150,141,127,136,144,153,137,139,155,149,140,125,125,131,138,156,130,148,146,126,117,126,139,137,150,164,127,121,144,123,123,128,128,124,121,118,140,149,161,161,145,127,128,133,159,111,100,115,106,111,156,131,147,130,141,127,135,139,147,138,175,146,133,147,143,144,130,126,107,121,140,122,99,135,122,97,135,130,143,142,144,148,135,130,120,134,135,156,135,137,143,160,147,143,151,132,160,150,130,127,106,141,105,120,130,145,140,139,144,143,129,129,146,112,130,148,138,148,160,148,140,128,81,139,131,43,33,44,38,40,51,51,24,34,38,49,33,34,47,31,37,36,48,44,45,27,42,29,52,41,50,46,50,43,47,50,39,35,51,44,49,54,74,55,54,32,30,31,33,30,31,34,37,38,40,35,43,44,48,44,25,27,27,28,25,30,25,30,33,34,24,32,27,33,45,36,38,45,31,24,34,31,36,35,32,50,33,38,41,44,37,36,40,27,30,40,56,45,42,37,43,25,40,29,36,51,62,48,39,46,63,45,53,55,48,42,46,39,49,46,47,55,54,49,55,39,47,55,42,54,51,51,48,55,56,67,46,38,51,43,53,71,52,48,50,43,60,47,54,44,52,45,52,43,48,54,36,49,44,55,45,56,42,44,38,36,47,46,45,41,43,78,45,38,47,39,35,63,51,54,49,44,59,52,46,67,49,73,61,56,46,69,52,47,46,61,52,55,56,58,39,35,55,37,34
(200;5;50),5,39,41,34,25,37,35,30,37,33,37,53,46,42,46,53,19,25,27,27,22,46,42,53,50,38,51,62,51,48,54,55,56,49,60,51,41,37,41,43,37,38,52,37,42,38,56,64,46,51,48,39,39,40,49,43,48,41,45,54,49,49,37,25,39,38,49,46,34,42,42,51,42,44,47,50,48,43,56,45,40,40,45,55,54,53,53,59,64,58,52,43,41,47,41,33,56,58,54,56,51,40,45,40,55,42,52,55,69,66,53,49,63,61,55,50,29,40,48,52,23,64,62,56,64,74,49,59,51,60,47,59,72,56,65,61,58,57,45,54,47,36,46,50,46,51,69,60,61,58,66,58,62,60,56,54,67,58,46,53,59,55,41,40,37,58,50,44,39,48,42,54,65,78,57,49,63,66,44,42,46,49,79,53,55,53,61,64,59,53,59,40,42,40,37,44,61,52,62,60,54,140,136,143,118,110,120,113,123,141,139,114,133,144,128,108,114,115,129,127,130,131,141,137,148,135,140,116,125,124,121,148,142,128,144,144,125,125,115,135,139,107,123,117,122,126,147,132,147,128,136,131,131,113,123,123,128,128,157,144,136,124,136,130,141,129,119,124,110,128,137,138,116,131,116,130,140,126,142,128,147,135,113,136,133,142,111,143,124,129,147,126,133,139,128,133,143,150,127,133,135,130,123,117,107,113,112,120,125,131,108,117,115,119,119,121,132,124,114,104,139,152,110,125,140,143,121,122,106,118,95,131,114,115,102,109,97,120,132,143,93,121,139,149,133,96,132,128,133,144,142,134,120,134,125,129,137,121,88,139,99,118,108,133,107,111,123,126,131,109,149,111,151,147,119,119,98,138,110,114,134,123,107,128,107,125,124,84,116,115,91,121,79,132,81,114,115,97,120,136,104,46,37,50,35,37,35,45,38,39,40,50,59,45,53,46,24,27,24,26,28,63,65,69,63,61,66,62,64,57,69,55,59,57,62,55,45,40,52,34,43,43,42,42,39,42,60,53,64,51,52,35,40,47,41,41,56,48,47,48,50,39,36,41,46,44,42,44,32,49,33,64,46,45,50,52,48,58,38,46,39,44,45,56,53,58,70,56,63,58,58,37,41,42,37,37,65,58,59,58,60,52,38,46,38,35,55,59,45,46,57,55,61,49,58,62,37,40,54,33,29,74,65,73,96,51,60,56,83,80,72,55,55,58,64,61,46,44,47,52,43,55,46,53,41,42,52,60,73,60,62,50,42,43,71,46,53,65,50,47,43,35,48,41,48,54,45,50,49,50,43,55,66,69,69,59,50,46,64,51,55,56,61,58,53,57,62,70,58,55,58,35,45,41,36,40,69,76,61,72,70
(500;5;30),5,62,69,58,61,84,93,76,87,60,71,49,56,41,48,50,57,64,50,62,62,60,56,50,47,60,64,46,58,54,49,37,44,49,40,43,67,71,71,78,75,64,57,63,71,75,45,58,45,49,49,80,74,89,68,73,70,62,67,73,83,39,57,61,55,44,78,93,83,89,86,80,63,82,82,75,49,48,48,54,58,93,102,85,75,81,56,73,83,77,60,68,77,73,80,68,79,82,74,75,53,96,77,91,83,95,78,97,90,97,103,74,61,47,46,62,73,72,87,84,81,74,74,51,80,69,58,67,55,61,64,67,61,69,67,38,105,96,98,88,99,82,56,74,96,88,79,112,93,101,98,75,73,65,102,86,88,91,100,73,71,80,92,78,79,81,78,78,93,91,86,91,97,121,99,114,61,78,43,73,63,98,99,97,105,86,121,95,85,114,110,96,89,93,84,84,87,70,65,73,74,376,364,343,372,400,362,379,362,371,385,391,360,382,368,345,346,361,347,340,370,381,354,357,336,357,371,368,362,376,341,371,328,392,335,406,393,326,414,368,370,410,357,366,386,367,341,382,364,397,357,364,382,362,348,329,344,371,341,356,361,387,404,376,368,368,398,365,389,387,380,358,372,372,377,383,377,369,371,373,394,372,377,402,404,419,391,376,416,359,369,378,342,408,351,334,355,369,355,346,357,352,353,376,269,344,393,339,368,404,380,392,440,364,359,349,331,359,279,294,319,386,363,383,354,377,338,368,347,370,414,355,344,313,336,375,393,358,304,427,355,398,359,407,348,329,328,324,421,346,357,321,358,338,356,330,398,344,296,332,400,352,336,372,339,350,321,239,341,351,301,414,401,304,323,350,343,368,310,373,405,332,338,370,388,389,374,368,412,345,370,389,352,381,329,336,371,341,379,325,376,65,70,48,63,57,78,68,64,72,68,44,46,47,47,44,60,53,75,75,58,47,46,70,58,54,46,54,66,50,62,43,52,42,40,43,80,68,99,60,84,78,66,58,62,71,56,48,53,65,53,69,76,72,67,96,73,76,58,54,64,44,41,48,41,49,57,83,80,70,84,72,76,58,84,89,50,47,67,73,68,65,64,80,78,65,65,65,62,57,80,48,69,56,62,79,76,71,59,74,68,80,88,74,96,89,108,82,104,103,122,67,59,53,68,65,72,73,65,86,61,74,71,77,70,74,51,65,71,64,70,50,58,62,55,58,90,107,106,126,105,104,93,78,98,103,64,95,76,82,96,79,84,68,75,79,117,88,92,97,112,71,101,87,67,96,94,82,86,82,135,91,138,94,97,70,102,93,60,71,76,76,118,84,100,84,91,82,97,100,110,83,86,88,83,105,68,94,73,71,96
(500;5;40),5,85,93,105,94,84,104,84,110,122,78,84,84,78,78,101,98,96,123,83,106,98,77,96,78,91,84,92,84,99,75,96,82,108,77,92,100,76,72,67,97,107,95,102,100,92,121,99,106,102,101,67,81,74,57,68,82,80,66,85,65,75,56,56,68,62,86,59,73,68,93,74,84,76,73,69,113,75,91,94,85,84,70,74,88,98,95,104,105,100,123,84,61,62,66,67,70,86,76,82,87,111,104,133,100,116,109,109,96,114,106,94,118,95,125,116,103,122,132,110,96,119,101,89,124,91,83,95,66,76,121,105,119,117,136,139,106,124,84,100,114,89,91,103,71,88,116,135,106,97,137,76,81,81,78,80,95,77,76,87,88,75,67,81,70,84,88,95,92,94,84,86,93,81,77,96,103,99,91,110,118,103,75,69,90,100,93,130,135,133,117,105,92,80,72,114,89,93,92,84,90,374,341,329,326,336,354,353,329,357,319,355,363,330,345,358,343,377,347,371,352,307,354,346,368,295,324,344,347,404,372,366,357,355,323,351,350,336,349,372,366,354,371,364,345,333,354,340,379,360,378,365,242,324,357,362,337,361,388,321,390,364,326,327,350,327,361,361,356,350,364,339,333,377,335,331,332,333,362,348,371,345,300,307,307,365,350,390,345,367,365,348,372,318,334,335,272,303,357,351,307,274,293,322,322,298,261,287,270,285,336,341,338,369,375,376,261,350,330,336,273,381,309,308,301,328,275,306,340,260,329,331,345,325,357,379,324,356,281,344,372,296,299,267,301,329,273,349,336,348,293,303,294,299,243,257,321,288,341,331,328,290,236,236,267,318,346,284,225,264,271,398,340,333,368,322,312,372,352,342,301,321,379,262,360,310,369,321,301,335,299,384,280,363,355,300,345,315,320,335,334,105,122,92,105,83,110,97,88,104,88,89,89,102,93,96,105,101,90,88,101,85,85,77,94,67,99,68,71,75,87,95,115,80,92,91,79,85,85,86,85,63,89,75,97,97,108,95,101,109,101,85,60,72,83,67,65,83,54,73,73,79,65,66,69,51,71,78,73,75,79,83,85,83,84,97,104,101,106,82,105,84,89,69,73,70,96,107,87,113,121,69,78,86,55,64,85,84,108,84,81,112,98,129,81,96,89,101,93,85,88,113,91,108,115,107,121,101,107,114,104,110,94,84,86,108,97,86,74,93,84,100,109,117,107,100,89,127,94,94,98,69,91,76,88,85,118,98,99,109,132,79,78,64,75,76,83,91,105,72,129,67,67,62,78,70,105,90,89,104,91,102,105,103,75,98,115,145,102,91,92,110,98,89,77,77,111,117,122,146,139,101,89,86,106,72,105,80,93,77,99
(500;5;50),5,83,87,85,90,91,82,106,92,72,69,76,76,73,79,79,129,109,131,127,130,93,77,111,98,91,93,119,110,134,101,112,107,101,96,102,121,105,104,121,125,96,117,107,111,111,107,103,84,99,92,109,90,103,108,102,104,83,99,100,96,104,111,119,134,100,122,111,119,102,120,84,99,81,81,100,99,95,90,72,104,116,106,85,83,96,93,85,112,107,123,107,111,83,106,86,70,67,78,65,64,111,101,136,89,80,139,91,87,80,95,75,82,83,79,73,105,132,112,137,122,103,90,115,98,96,104,115,98,126,137,119,152,136,97,118,125,147,149,122,121,126,139,113,104,125,92,104,98,106,96,124,105,105,105,111,100,112,123,107,100,118,96,120,122,119,105,95,137,115,114,104,100,90,110,102,96,86,87,107,81,116,88,125,116,93,114,138,115,135,119,88,110,106,124,124,98,88,86,73,91,337,338,383,322,310,302,309,294,313,267,333,337,328,295,304,295,336,317,338,320,296,295,325,300,301,310,324,322,326,309,328,334,289,299,308,334,307,318,347,311,275,321,297,317,321,255,325,296,290,336,319,325,344,305,314,293,289,292,343,311,357,289,301,342,284,326,328,314,383,345,294,300,307,319,314,341,293,346,315,297,309,350,285,331,282,298,320,325,317,325,311,328,318,293,303,365,343,270,362,333,244,278,250,291,274,253,208,332,315,250,263,290,252,214,310,308,254,254,276,318,308,287,270,310,306,279,299,342,311,319,368,270,256,292,363,283,316,284,315,272,321,313,247,269,260,253,219,267,284,275,269,248,275,270,210,309,265,292,284,334,317,286,237,276,258,266,274,203,320,236,191,307,205,301,248,276,217,281,243,203,307,231,237,278,327,238,228,284,248,301,326,294,309,343,311,287,272,259,334,238,75,88,82,93,83,94,82,78,70,108,63,74,92,77,81,115,138,109,133,129,80,101,105,117,83,132,130,122,114,117,97,103,121,131,117,141,108,94,122,119,87,95,108,116,109,104,108,115,94,91,96,90,100,107,103,96,110,88,98,105,109,108,120,104,93,130,100,113,101,111,103,74,108,79,80,98,78,95,103,78,103,100,80,97,100,126,86,138,106,98,130,81,90,106,121,79,68,80,80,78,96,134,88,83,133,89,112,104,120,96,73,71,103,68,82,138,137,124,118,118,97,102,100,103,120,148,107,113,164,125,120,109,154,159,153,108,149,149,142,112,133,137,136,144,144,108,110,114,84,97,96,84,99,116,106,114,85,102,108,123,107,138,133,147,123,98,95,116,92,117,108,88,88,99,90,91,120,90,91,93,100,133,104,104,128,118,117,91,127,125,133,88,104,116,110,81,82,98,93,89
(50;10;30),10,23,30,24,22,23,29,23,25,23,22,35,25,32,29,33,37,39,32,34,29,35,28,30,31,33,34,30,25,25,24,29,31,24,23,27,34,30,34,37,30,30,27,25,32,28,35,31,31,37,33,32,29,34,28,32,26,23,27,24,29,26,26,29,29,25,32,26,32,35,34,22,25,24,26,29,33,24,30,35,28,22,19,27,26,29,27,35,30,36,33,29,27,38,31,27,23,24,25,21,30,32,38,33,29,32,36,27,30,33,32,39,39,41,34,34,36,36,36,39,36,45,41,42,39,35,36,36,38,36,36,33,36,38,28,37,28,37,36,32,39,33,38,31,34,39,38,38,36,35,38,31,40,35,36,37,30,27,30,29,28,25,30,28,34,32,38,38,42,38,39,34,37,28,33,38,36,35,33,34,44,33,29,29,34,39,38,35,29,38,38,38,37,37,36,33,33,28,25,29,32,47,48,47,47,47,44,48,49,47,44,47,45,48,45,49,47,44,48,45,48,44,47,45,48,47,48,48,47,48,45,47,47,47,48,47,47,46,46,47,46,48,48,47,47,48,49,48,48,49,49,44,47,47,44,48,48,49,49,47,46,49,45,49,47,49,48,46,47,49,44,49,48,43,44,47,45,46,48,46,46,48,48,49,47,45,49,49,47,48,48,48,48,47,45,48,46,49,48,47,45,45,48,43,44,46,47,49,44,48,49,44,35,48,46,47,45,40,43,39,40,38,44,46,45,43,42,47,42,46,46,45,48,48,49,45,44,45,43,42,49,48,44,47,40,44,38,40,43,46,47,48,47,47,48,46,45,38,39,47,49,47,48,48,49,42,47,49,44,45,44,45,43,45,42,45,48,43,36,47,46,47,42,46,49,49,45,44,46,44,44,47,43,44,48,48,45,46,45,47,45,28,25,27,29,24,26,31,24,22,31,28,28,33,34,29,29,34,35,36,36,25,34,28,28,33,30,32,32,39,29,30,25,31,31,26,33,33,33,36,26,30,31,31,26,27,29,32,29,31,33,27,34,32,34,31,28,26,28,29,26,28,25,25,23,26,32,30,33,31,31,31,30,26,26,22,33,27,31,25,40,22,23,26,25,25,35,28,30,35,30,39,31,37,33,43,24,26,24,25,24,36,35,34,31,34,31,32,32,33,35,35,38,34,38,40,40,39,39,40,40,38,39,38,39,38,30,39,35,37,34,36,35,30,36,37,33,31,37,38,38,35,32,33,27,33,39,34,39,40,39,33,32,29,32,36,33,36,31,26,33,37,37,36,36,30,41,40,38,42,35,29,35,33,38,32,42,35,38,39,34,37,35,33,30,33,34,36,35,35,37,38,33,39,35,38,29,31,32,35,29
(50;10;40),10,34,27,25,25,27,27,34,32,34,30,30,31,34,35,40,34,34,26,27,24,34,33,33,29,40,24,26,30,27,30,37,29,29,31,35,41,34,36,35,39,26,30,27,33,28,22,25,29,28,24,27,31,28,41,33,35,31,26,29,34,30,36,37,34,33,34,32,34,30,27,29,23,29,22,21,28,43,29,39,26,40,26,28,28,32,23,31,26,34,28,30,22,31,34,28,34,30,31,32,25,32,37,37,37,36,34,38,37,32,35,39,31,35,39,37,32,36,34,35,37,39,34,36,42,37,31,33,36,32,31,37,34,38,39,37,38,38,35,40,37,39,35,28,34,33,36,32,36,27,31,35,35,31,37,31,33,34,32,36,39,40,39,33,34,41,38,32,34,35,34,38,32,36,36,32,35,37,45,38,39,32,42,39,39,42,29,35,35,26,30,33,37,32,36,37,39,39,40,40,35,47,43,47,44,47,43,46,43,48,47,45,45,46,47,46,47,45,48,43,47,46,45,46,47,45,43,44,46,45,42,47,47,49,47,49,45,48,46,47,49,47,42,45,44,44,44,44,47,46,46,47,42,48,45,48,47,47,46,44,46,45,49,44,49,47,46,46,47,46,45,47,46,46,47,47,48,48,45,47,42,45,49,48,46,48,47,47,44,46,43,49,46,45,48,46,49,46,46,45,44,45,47,41,42,45,40,46,43,46,44,45,44,43,43,43,43,44,45,40,42,44,44,45,43,40,42,43,44,43,45,41,45,44,42,48,43,45,44,45,45,40,40,35,48,48,41,45,38,44,39,45,46,43,42,48,44,44,44,43,38,41,39,44,47,47,42,37,45,47,45,45,46,48,43,45,44,47,44,43,45,43,44,46,45,46,43,41,43,42,40,39,40,45,44,43,45,43,45,45,44,27,30,26,24,34,35,35,34,33,32,35,38,33,41,35,32,30,26,35,31,31,42,31,31,45,27,25,35,24,26,32,28,30,25,29,42,39,40,37,34,31,25,22,28,25,34,29,25,26,32,31,41,36,34,28,29,35,38,26,25,35,30,36,32,30,35,36,32,36,31,27,36,30,27,26,30,32,32,35,40,31,33,30,36,36,31,31,29,26,30,29,26,32,21,29,26,38,35,34,31,40,33,31,37,36,39,40,39,35,43,38,38,35,36,36,37,32,32,40,38,37,39,34,38,36,31,32,33,27,33,41,34,37,31,30,39,41,36,36,39,36,33,33,34,38,38,32,30,34,37,37,37,34,35,40,34,34,37,32,27,37,42,41,36,41,35,31,40,38,32,33,37,34,35,34,43,40,44,44,33,44,42,36,39,36,33,33,31,33,31,35,32,28,32,40,36,37,40,41,39
(50;10;50),10,24,36,30,26,34,30,32,30,33,34,31,27,30,30,29,33,31,28,35,25,35,36,32,29,31,29,27,30,27,28,30,29,32,37,30,33,30,34,38,33,32,23,28,29,29,34,33,37,30,30,28,30,28,25,28,29,34,31,38,29,30,29,30,26,26,42,34,35,33,34,37,23,34,30,37,30,31,31,28,32,32,27,33,34,36,34,33,32,33,32,31,28,36,33,34,32,29,29,31,30,36,34,29,26,35,41,40,41,36,36,33,38,29,37,35,35,38,34,34,37,40,31,42,33,39,38,37,31,33,32,41,38,34,36,32,35,32,35,39,36,39,38,38,34,33,35,35,31,33,41,40,36,34,40,36,39,38,35,36,39,40,37,37,39,40,35,39,39,40,40,38,37,39,41,37,37,35,38,36,31,38,40,34,41,36,42,31,37,36,35,34,32,29,35,33,34,33,32,33,31,46,43,40,45,45,44,43,47,44,47,48,39,49,45,47,45,47,46,44,48,44,46,45,48,43,47,45,44,43,44,46,48,49,44,42,43,45,47,47,43,46,39,45,44,44,47,44,48,41,47,44,46,45,45,46,44,43,46,42,44,46,45,45,45,47,48,45,47,43,47,44,41,48,47,47,46,44,45,44,44,44,45,47,45,46,49,47,45,45,41,45,43,45,43,40,46,46,46,44,45,44,40,38,45,42,35,43,40,43,40,44,44,43,41,42,40,44,41,42,45,45,46,43,43,46,44,44,44,44,46,41,38,43,37,37,45,46,39,41,42,38,42,39,42,46,40,39,41,42,44,40,38,39,46,43,43,47,40,42,40,44,44,43,45,40,48,47,45,44,48,40,45,33,43,39,43,42,43,41,42,42,46,39,42,39,44,43,44,42,40,45,41,44,38,38,46,42,41,43,41,31,33,30,22,30,33,32,33,35,37,29,28,33,31,29,25,29,28,29,29,31,30,32,32,36,29,35,39,28,30,37,36,36,26,35,30,28,28,31,30,24,25,27,25,29,36,37,33,38,30,29,31,29,24,30,32,36,40,30,34,27,30,29,27,29,36,36,36,37,40,32,41,36,33,35,34,38,32,35,31,36,37,33,38,36,26,32,30,33,31,29,38,33,31,28,30,25,25,26,27,31,37,27,30,34,42,40,39,41,38,40,43,38,34,38,37,37,31,38,36,37,38,32,39,39,34,35,38,39,43,37,37,36,37,43,35,40,37,37,33,39,38,37,38,31,36,39,41,35,39,34,34,30,35,35,38,37,40,39,36,34,38,37,35,42,36,42,40,38,41,38,36,38,37,34,39,36,37,40,38,39,36,42,35,38,35,40,35,36,36,34,36,37,36,29,29,32,34,34,28
(100;10;30),10,46,59,51,42,51,39,47,46,43,42,44,53,47,47,61,51,57,58,49,55,73,79,65,51,67,52,43,57,43,58,61,62,34,35,37,50,45,45,47,48,46,46,51,47,53,86,50,49,63,50,41,44,40,45,38,48,38,37,41,44,32,33,45,35,43,58,49,52,47,55,51,37,53,48,40,41,34,33,33,43,46,43,46,44,46,36,34,49,41,38,39,42,37,36,50,50,50,49,53,54,52,58,59,55,58,52,45,59,50,53,62,61,60,65,71,56,57,62,62,68,69,77,80,71,76,70,65,77,71,71,59,60,60,46,52,51,55,69,59,60,60,55,61,48,53,75,66,63,60,59,53,55,50,47,58,53,59,58,55,43,54,62,58,60,53,79,68,77,70,52,71,71,67,68,63,47,47,52,62,51,64,59,59,64,60,64,56,52,57,67,61,57,55,67,54,58,65,64,70,56,93,94,97,95,98,95,96,91,95,96,98,94,93,94,97,92,90,94,96,95,96,96,97,93,99,95,98,95,97,94,97,96,93,94,97,94,94,98,96,97,97,91,95,98,92,96,95,99,98,95,93,94,96,95,90,98,96,90,93,96,96,99,93,94,94,94,99,95,94,93,91,95,93,96,93,98,95,98,91,94,92,94,97,98,93,90,94,92,96,97,93,96,96,93,92,96,95,97,94,93,96,95,94,95,94,89,88,92,78,89,91,96,92,92,91,95,91,81,89,96,93,98,96,96,84,89,95,90,84,87,96,89,94,88,93,78,79,91,89,90,96,93,95,95,96,90,95,86,81,85,91,94,93,96,90,88,89,90,92,84,90,89,94,95,86,92,96,87,95,98,87,94,82,91,88,93,94,93,93,97,97,93,89,90,88,91,88,93,87,93,98,96,90,97,90,83,92,90,80,96,49,50,40,44,51,41,43,45,52,50,60,46,63,68,51,59,59,54,63,61,63,68,58,73,65,51,49,56,59,72,32,43,38,40,39,40,49,41,49,49,42,45,45,39,44,50,51,63,62,62,38,42,38,46,33,46,43,41,47,49,49,37,42,53,43,46,53,44,47,38,50,43,41,38,53,52,33,42,43,40,50,55,57,60,46,46,41,30,49,50,49,36,38,48,41,47,45,49,54,51,65,62,74,67,77,50,45,53,47,52,47,65,56,59,64,64,66,62,73,65,80,77,74,71,59,49,75,64,67,66,51,46,58,49,56,63,71,48,63,72,57,51,52,57,61,57,57,67,72,63,52,64,58,63,65,53,60,53,49,64,60,53,62,64,55,60,62,70,66,60,57,52,65,57,65,66,42,61,58,62,60,59,55,62,72,66,64,74,61,47,71,63,50,73,62,70,59,70,64,67
(100;10;40),10,72,57,56,55,67,57,60,55,65,55,41,42,43,43,44,51,45,55,55,58,53,55,56,63,64,71,69,64,70,65,40,53,47,47,35,51,44,53,43,51,54,63,53,49,47,54,63,54,67,62,56,42,55,53,50,56,55,61,53,62,52,42,47,53,44,66,65,58,62,65,45,44,53,56,54,56,44,54,41,59,35,34,43,45,43,49,59,66,59,67,45,45,43,51,66,62,68,55,63,52,74,78,75,70,72,70,75,63,57,71,62,68,58,63,63,62,63,72,64,70,68,68,58,64,65,77,71,64,80,67,52,42,54,44,51,43,50,51,56,54,66,63,69,65,58,57,61,60,56,57,62,65,67,64,57,66,66,65,68,62,59,56,55,52,47,59,68,63,66,64,68,65,62,56,67,64,69,59,63,70,55,47,59,55,44,59,61,59,59,61,61,59,58,57,70,71,56,64,62,64,96,99,96,89,96,97,93,92,94,93,97,93,94,94,96,90,94,93,95,95,92,90,92,95,94,96,98,94,97,96,89,97,94,94,95,96,97,93,91,90,92,91,92,92,96,94,98,85,92,97,90,91,95,95,95,92,95,92,89,92,96,93,98,96,96,93,99,96,88,90,96,94,94,98,94,95,96,96,95,97,91,93,89,96,98,97,92,96,92,92,92,92,97,91,90,96,95,92,94,95,94,89,84,97,96,94,94,76,92,97,85,95,95,96,89,90,88,93,88,88,87,86,91,83,87,91,79,92,88,95,85,96,85,87,91,88,85,90,87,89,93,93,88,88,92,93,88,92,92,87,89,81,92,96,91,87,91,85,94,85,95,85,87,92,86,93,93,96,94,97,96,96,94,93,91,92,88,92,94,92,93,88,98,96,95,91,95,96,94,89,86,91,89,91,89,87,88,88,91,79,62,57,65,62,57,57,65,59,50,64,40,41,38,40,45,57,54,66,53,53,63,56,60,51,48,64,63,67,78,70,42,46,39,35,35,49,45,51,44,44,69,70,68,80,55,53,54,67,63,62,63,61,59,57,59,69,77,57,56,61,52,47,44,49,47,66,59,58,65,62,48,64,58,65,68,74,62,43,64,62,44,46,42,36,40,53,75,59,59,58,49,48,50,44,54,57,51,57,60,53,66,66,77,64,70,69,68,66,74,66,63,57,63,61,65,73,73,66,66,70,58,67,73,73,66,78,78,64,64,74,55,56,56,60,48,55,61,51,65,56,69,61,81,71,67,61,65,64,63,69,65,60,63,67,71,69,77,73,73,70,55,54,57,54,54,71,78,71,69,73,61,66,64,53,74,73,60,71,68,70,49,45,55,43,49,59,61,61,56,58,66,58,63,60,57,71,69,66,65,73
(100;10;50),10,71,67,65,66,64,61,57,62,54,54,58,53,65,66,77,60,51,64,52,64,46,53,50,48,57,76,48,60,59,59,55,62,52,64,45,69,61,56,58,57,65,68,65,78,64,57,54,67,53,49,55,60,63,67,60,46,55,59,54,58,52,58,59,32,50,55,64,61,59,61,54,70,59,56,64,63,64,47,46,59,65,57,51,58,54,51,54,56,45,57,58,50,59,49,53,58,44,46,47,54,66,79,70,80,77,76,64,69,80,70,61,61,67,70,69,72,74,57,70,72,60,58,56,61,59,74,76,70,58,73,71,62,60,59,61,73,74,68,73,76,68,68,71,82,64,70,66,60,75,71,65,75,74,63,71,69,58,59,72,53,44,45,57,56,51,68,59,70,60,63,51,61,62,67,60,72,77,65,63,66,67,55,55,62,69,59,56,64,60,60,59,63,61,58,51,56,53,55,60,64,94,94,94,96,97,93,92,92,93,90,87,89,93,93,91,91,88,93,92,95,85,92,90,95,93,93,92,90,94,96,90,87,98,94,91,92,93,90,94,91,96,89,91,93,91,92,95,96,93,91,96,91,88,94,92,98,89,92,90,92,86,94,92,87,86,92,97,90,98,97,90,95,89,92,93,94,91,92,93,94,93,85,90,89,81,93,89,94,93,94,90,93,92,86,92,89,95,92,90,85,77,93,91,87,86,88,82,89,75,82,92,86,89,90,88,91,88,91,85,88,87,89,88,89,83,90,85,89,91,91,85,83,82,84,85,91,84,95,91,88,93,84,85,91,85,89,92,95,92,89,87,86,88,88,85,93,82,81,92,88,88,83,86,87,83,90,91,90,93,91,91,90,86,84,89,89,86,89,92,92,89,81,89,83,85,89,84,93,79,83,86,86,83,84,88,81,78,94,90,90,67,67,57,74,68,69,57,63,58,58,62,62,57,69,59,67,67,58,72,61,48,40,49,58,43,57,65,68,64,68,54,57,69,52,56,68,59,68,58,70,59,67,62,73,56,78,59,55,62,62,65,78,67,66,73,56,59,52,62,51,50,50,41,39,61,62,67,70,54,55,71,56,56,55,55,74,50,69,57,59,56,59,54,66,57,44,54,56,58,53,53,56,59,60,52,47,48,35,51,55,79,71,83,71,74,68,66,81,66,67,73,74,68,65,59,68,71,62,56,58,55,57,58,62,61,74,67,60,65,63,58,61,58,68,62,74,65,73,77,64,73,70,68,73,73,64,65,73,74,77,69,73,80,82,66,57,68,69,60,60,61,58,73,48,63,61,69,68,67,55,68,63,70,62,66,78,69,63,72,73,55,64,55,53,51,55,63,56,65,57,54,57,64,62,68,70,57,51,51,59
(200;10;30),10,88,64,62,60,67,78,87,74,80,76,84,96,97,84,98,96,97,86,87,101,86,62,67,49,103,83,62,65,83,72,64,76,75,71,73,79,76,71,68,67,91,77,112,103,88,76,68,68,81,63,72,62,72,87,68,76,75,98,86,72,71,73,62,66,68,78,80,61,91,88,57,71,69,76,65,51,66,65,61,78,90,86,76,72,64,86,86,62,98,93,61,56,75,69,83,96,102,82,71,71,73,109,113,90,136,86,89,100,113,74,99,110,102,95,108,111,120,104,101,111,114,102,107,123,111,92,86,90,87,82,85,100,100,99,102,98,105,104,107,103,109,120,103,120,125,120,106,114,109,121,85,88,86,100,85,107,84,90,96,120,82,84,73,94,87,94,112,105,93,82,91,105,97,93,69,83,79,77,72,81,82,102,68,90,85,97,98,114,81,95,87,89,113,72,90,117,115,97,109,100,191,192,195,194,193,191,193,191,194,186,196,190,195,186,193,193,193,190,193,190,192,188,190,193,191,189,193,191,190,196,193,196,182,190,190,191,195,190,190,183,192,194,193,193,192,194,193,185,192,188,196,188,195,189,193,188,197,199,188,190,187,183,187,194,189,194,189,188,191,188,197,194,194,194,196,184,194,187,195,189,189,193,192,193,184,194,196,190,194,188,193,196,189,187,195,193,186,197,193,198,188,179,175,180,173,186,196,198,199,195,180,192,192,191,196,197,196,188,159,193,198,193,191,191,192,185,169,182,180,183,189,189,197,190,188,185,188,187,181,183,185,194,193,191,190,192,198,189,187,193,195,188,193,195,193,186,193,198,184,188,185,173,190,189,177,186,196,191,190,192,189,181,194,193,188,185,195,197,194,199,195,188,187,180,190,192,188,190,189,191,197,190,186,183,184,186,193,185,189,190,50,61,70,63,61,107,110,121,99,91,116,94,67,125,80,91,88,81,105,110,63,72,63,66,69,61,80,97,68,69,68,74,81,89,81,73,67,91,69,83,72,87,108,94,97,68,73,90,100,76,90,103,82,85,97,107,97,75,73,76,66,47,70,83,57,72,63,62,71,68,58,58,74,52,65,63,73,74,53,65,70,64,74,71,83,115,112,84,73,93,72,82,73,72,68,72,110,93,86,82,131,122,125,123,112,75,96,86,99,87,97,98,104,98,89,115,89,114,109,109,113,114,112,104,121,78,100,73,86,98,94,95,90,85,109,123,111,114,112,103,125,129,131,113,114,114,106,111,119,116,100,93,100,95,96,99,127,102,95,117,81,83,99,89,78,108,113,94,116,110,87,101,95,94,97,98,105,87,80,73,98,99,98,97,79,104,90,103,114,84,121,99,102,81,100,103,108,103,113,113
(200;10;40),10,115,81,98,91,95,94,75,94,92,96,99,89,129,106,67,98,91,91,104,108,92,76,86,104,88,115,107,111,130,109,96,105,127,84,110,90,104,88,97,96,79,98,124,107,94,99,114,106,85,105,120,88,87,96,106,79,80,96,104,70,110,101,116,111,100,80,87,82,87,102,95,106,134,115,107,71,130,90,140,85,122,105,112,99,99,95,78,66,63,80,99,82,88,83,78,78,77,84,87,94,116,108,110,102,124,79,109,93,91,103,131,117,120,129,117,123,108,120,110,126,112,108,103,123,118,109,133,113,137,106,118,116,117,103,122,128,126,111,122,113,112,114,94,127,109,103,128,125,121,120,114,124,142,109,100,108,131,132,102,125,119,94,99,109,133,98,89,93,92,109,132,97,114,117,108,117,110,95,133,111,117,135,112,119,119,105,120,113,88,94,105,124,117,107,109,136,115,120,132,115,197,192,192,186,194,196,192,192,192,190,193,182,185,188,184,189,194,193,192,186,191,191,189,188,188,192,191,180,186,192,193,185,193,190,191,190,191,187,185,192,188,190,189,188,191,185,194,195,197,189,182,183,189,186,187,193,193,192,190,189,186,182,197,186,182,194,183,194,191,194,194,187,189,185,193,192,186,186,189,190,194,192,190,186,192,195,193,189,181,192,187,194,188,188,190,190,190,186,188,182,183,185,182,186,173,167,172,180,174,165,190,184,182,188,185,187,185,192,185,194,172,180,189,181,193,193,191,190,177,189,186,182,187,183,180,179,169,183,185,172,187,172,182,181,179,188,183,186,187,185,180,188,185,186,184,195,193,196,190,187,189,184,190,185,185,189,189,188,192,191,185,192,192,188,189,185,185,190,183,183,186,186,188,179,185,188,194,184,184,186,172,160,184,180,179,181,181,176,177,160,86,81,84,84,69,90,83,75,107,86,106,97,107,93,105,105,107,79,93,92,93,68,91,93,71,99,131,110,113,139,107,107,120,101,97,105,122,113,146,116,91,81,82,116,116,127,95,95,116,102,81,87,109,106,114,100,83,115,93,81,114,102,115,105,103,98,81,76,83,97,141,109,109,93,119,98,97,78,106,111,117,91,131,125,128,80,109,88,70,82,91,79,104,88,107,72,85,114,83,73,94,112,98,106,114,101,90,82,89,81,112,107,113,112,119,117,114,109,132,114,142,103,107,122,90,105,129,114,131,122,136,112,98,114,109,119,129,135,130,127,113,106,109,118,110,118,131,131,136,134,127,120,110,133,117,109,150,118,127,113,101,90,124,108,138,109,108,95,117,95,123,112,123,102,115,93,117,129,116,116,128,120,130,124,107,86,96,101,115,91,95,114,118,123,97,105,94,114,109,99
(200;10;50),10,112,110,103,114,122,115,126,118,90,130,111,90,86,107,109,117,97,107,100,110,113,93,102,102,99,94,92,88,123,90,114,109,106,126,109,101,89,79,81,87,130,130,118,137,111,96,92,82,107,87,105,101,114,107,122,112,110,117,104,107,89,111,112,110,100,72,70,84,82,76,96,86,92,80,96,130,113,128,127,114,99,93,91,107,87,115,93,101,101,108,126,110,148,113,120,100,89,81,91,96,126,135,122,111,139,121,127,115,151,104,113,110,127,117,112,113,131,126,119,126,147,114,142,123,132,94,102,105,106,107,94,116,129,99,119,100,93,93,90,104,113,130,145,121,128,110,123,115,101,118,100,117,124,121,109,129,138,132,134,123,120,109,109,117,120,96,87,109,85,84,117,96,103,110,116,133,116,123,138,130,98,107,106,113,124,120,129,118,120,108,103,126,140,121,120,126,120,135,114,121,193,181,182,183,185,190,190,186,195,182,189,189,194,190,189,180,187,186,186,180,182,191,185,179,178,186,189,188,184,186,187,188,180,190,185,181,187,188,184,176,183,179,176,189,184,184,176,176,195,182,189,177,187,181,183,182,190,192,187,195,188,180,185,184,187,194,186,188,182,188,185,188,184,178,181,188,185,189,183,185,182,190,193,184,181,183,190,182,175,184,184,180,188,182,194,181,192,187,185,190,165,185,161,161,168,172,168,170,161,162,181,173,178,176,172,174,179,184,180,188,186,188,187,180,183,177,173,183,164,183,159,178,167,185,175,185,168,163,174,177,173,166,173,175,169,178,178,176,177,185,172,164,174,183,181,182,179,184,185,171,168,166,170,174,173,180,163,182,172,165,175,172,170,175,167,166,171,168,175,163,188,172,181,173,176,167,181,175,175,181,176,184,169,173,173,180,178,181,173,173,135,116,108,118,108,115,114,128,120,110,99,121,74,96,99,95,130,92,103,105,125,115,124,114,104,78,94,97,115,108,95,121,101,119,115,84,95,92,108,91,102,121,82,111,127,108,103,105,94,121,93,104,109,97,105,104,97,129,113,117,99,112,104,111,101,73,86,77,85,112,100,103,88,98,90,145,111,120,136,119,110,97,109,96,92,108,120,102,122,110,115,127,132,113,113,104,115,106,95,86,119,134,141,117,141,142,139,137,144,141,99,116,114,114,123,99,110,129,123,112,134,130,140,133,122,112,104,105,130,105,124,101,124,101,112,97,103,104,80,90,130,101,122,119,125,108,125,109,118,115,98,112,114,104,110,139,139,125,135,130,117,127,112,124,130,102,89,104,103,113,108,111,88,120,97,127,135,145,134,135,111,110,114,118,97,122,112,120,119,107,111,116,133,137,141,128,111,118,124,132
