Graph name,Upper Bound,MSTreINegIn_tree_nr_0,MSTreINegIn_tree_nr_1,MSTreINegIn_tree_nr_2,MSTreINegIn_tree_nr_3,MSTreINegIn_tree_nr_4,MSTreINegIn_tree_nr_5,MSTreINegIn_tree_nr_6,MSTreINegIn_tree_nr_7,MSTreINegIn_tree_nr_8,MSTreINegIn_tree_nr_9,MSTreINegIn_tree_nr_10,MSTreINegIn_tree_nr_11,MSTreINegIn_tree_nr_12,MSTreINegIn_tree_nr_13,MSTreINegIn_tree_nr_14,MSTreINegIn_tree_nr_15,MSTreINegIn_tree_nr_16,MSTreINegIn_tree_nr_17,MSTreINegIn_tree_nr_18,MSTreINegIn_tree_nr_19,MSTreINiTSd_tree_nr_0,MSTreINiTSd_tree_nr_1,MSTreINiTSd_tree_nr_2,MSTreINiTSd_tree_nr_3,MSTreINiTSd_tree_nr_4,MSTreINiTSd_tree_nr_5,MSTreINiTSd_tree_nr_6,MSTreINiTSd_tree_nr_7,MSTreINiTSd_tree_nr_8,MSTreINiTSd_tree_nr_9,MSTreINiTSd_tree_nr_10,MSTreINiTSd_tree_nr_11,MSTreINiTSd_tree_nr_12,MSTreINiTSd_tree_nr_13,MSTreINiTSd_tree_nr_14,MSTreINiTSd_tree_nr_15,MSTreINiTSd_tree_nr_16,MSTreINiTSd_tree_nr_17,MSTreINiTSd_tree_nr_18,MSTreINiTSd_tree_nr_19,MSTreISdTNi_tree_nr_0,MSTreISdTNi_tree_nr_1,MSTreISdTNi_tree_nr_2,MSTreISdTNi_tree_nr_3,MSTreISdTNi_tree_nr_4,MSTreISdTNi_tree_nr_5,MSTreISdTNi_tree_nr_6,MSTreISdTNi_tree_nr_7,MSTreISdTNi_tree_nr_8,MSTreISdTNi_tree_nr_9,MSTreISdTNi_tree_nr_10,MSTreISdTNi_tree_nr_11,MSTreISdTNi_tree_nr_12,MSTreISdTNi_tree_nr_13,MSTreISdTNi_tree_nr_14,MSTreISdTNi_tree_nr_15,MSTreISdTNi_tree_nr_16,MSTreISdTNi_tree_nr_17,MSTreISdTNi_tree_nr_18,MSTreISdTNi_tree_nr_19,FilWhINegIn_tree_nr_0,FilWhINegIn_tree_nr_1,FilWhINegIn_tree_nr_2,FilWhINegIn_tree_nr_3,FilWhINegIn_tree_nr_4,FilWhINegIn_tree_nr_5,FilWhINegIn_tree_nr_6,FilWhINegIn_tree_nr_7,FilWhINegIn_tree_nr_8,FilWhINegIn_tree_nr_9,FilWhINegIn_tree_nr_10,FilWhINegIn_tree_nr_11,FilWhINegIn_tree_nr_12,FilWhINegIn_tree_nr_13,FilWhINegIn_tree_nr_14,FilWhINegIn_tree_nr_15,FilWhINegIn_tree_nr_16,FilWhINegIn_tree_nr_17,FilWhINegIn_tree_nr_18,FilWhINegIn_tree_nr_19,FilWhINiTSd_tree_nr_0,FilWhINiTSd_tree_nr_1,FilWhINiTSd_tree_nr_2,FilWhINiTSd_tree_nr_3,FilWhINiTSd_tree_nr_4,FilWhINiTSd_tree_nr_5,FilWhINiTSd_tree_nr_6,FilWhINiTSd_tree_nr_7,FilWhINiTSd_tree_nr_8,FilWhINiTSd_tree_nr_9,FilWhINiTSd_tree_nr_10,FilWhINiTSd_tree_nr_11,FilWhINiTSd_tree_nr_12,FilWhINiTSd_tree_nr_13,FilWhINiTSd_tree_nr_14,FilWhINiTSd_tree_nr_15,FilWhINiTSd_tree_nr_16,FilWhINiTSd_tree_nr_17,FilWhINiTSd_tree_nr_18,FilWhINiTSd_tree_nr_19,FilWhISdTNi_tree_nr_0,FilWhISdTNi_tree_nr_1,FilWhISdTNi_tree_nr_2,FilWhISdTNi_tree_nr_3,FilWhISdTNi_tree_nr_4,FilWhISdTNi_tree_nr_5,FilWhISdTNi_tree_nr_6,FilWhISdTNi_tree_nr_7,FilWhISdTNi_tree_nr_8,FilWhISdTNi_tree_nr_9,FilWhISdTNi_tree_nr_10,FilWhISdTNi_tree_nr_11,FilWhISdTNi_tree_nr_12,FilWhISdTNi_tree_nr_13,FilWhISdTNi_tree_nr_14,FilWhISdTNi_tree_nr_15,FilWhISdTNi_tree_nr_16,FilWhISdTNi_tree_nr_17,FilWhISdTNi_tree_nr_18,FilWhISdTNi_tree_nr_19
(50;5;30),5,16,10,12,13,16,19,19,14,11,13,17,15,19,12,15,21,17,17,12,15,16,10,11,14,13,12,15,11,10,11,15,12,14,12,13,16,18,12,10,13,15,10,13,13,13,13,16,10,9,12,16,12,13,12,12,19,16,12,11,11,18,11,16,12,16,23,21,13,13,15,18,17,18,16,16,21,19,16,13,18,13,9,10,14,11,11,14,10,9,11,13,10,13,9,11,13,15,12,13,11,13,9,13,12,11,12,12,12,10,9,13,11,15,12,10,14,14,10,11,11
(50;5;40),5,15,13,18,15,18,18,17,16,15,18,15,14,18,17,15,18,16,16,14,15,13,10,16,13,17,20,16,13,9,15,15,14,17,18,11,20,13,16,18,14,16,12,16,12,14,18,17,13,10,16,15,15,19,17,9,20,15,14,14,13,14,15,21,15,17,22,17,13,19,24,15,16,21,18,16,22,16,18,18,17,10,10,15,15,14,12,14,13,11,13,13,14,15,12,9,18,12,12,13,13,12,11,16,13,15,17,13,11,12,14,16,13,17,16,9,19,14,14,15,12
(50;5;50),5,12,15,19,15,13,15,17,22,11,20,20,15,16,19,22,19,18,15,15,14,13,12,18,20,14,17,13,16,10,16,18,15,15,19,16,16,16,14,12,11,11,13,18,17,12,16,13,18,10,18,19,16,16,23,16,15,16,14,14,11,13,16,20,23,17,17,18,21,12,21,17,16,17,19,23,19,21,15,20,18,9,12,17,16,13,15,11,16,9,15,19,13,14,21,15,12,16,11,13,9,12,11,18,15,11,14,10,17,10,17,16,14,13,20,18,13,13,14,14,10
(100;5;30),5,25,28,22,26,29,25,30,25,26,26,28,24,18,27,28,23,25,19,31,18,21,30,19,24,22,24,31,20,20,16,27,20,18,25,39,20,19,17,28,19,21,29,19,20,25,22,30,20,22,18,23,22,14,21,42,20,19,19,31,23,26,36,25,30,29,25,37,27,26,25,33,32,20,26,41,25,28,23,30,23,18,23,18,20,17,19,28,13,17,15,21,19,12,21,31,17,17,15,23,16,19,24,20,21,22,21,31,17,22,18,24,22,17,23,32,27,17,19,27,16
(100;5;40),5,28,22,20,27,24,29,26,24,27,31,38,28,22,26,29,22,28,25,30,36,20,20,18,29,21,27,22,21,25,34,28,29,19,27,25,23,27,28,25,28,22,20,21,31,20,30,18,18,19,25,31,24,18,23,24,24,25,28,30,30,31,32,25,31,27,38,28,39,35,37,38,41,30,31,32,27,39,32,32,34,20,19,17,19,16,21,20,16,22,27,26,28,15,23,22,22,23,21,21,27,22,23,20,26,24,26,25,18,28,27,27,26,18,26,23,19,22,30,25,31
(100;5;50),5,26,27,30,23,26,28,23,25,22,30,25,26,25,26,21,33,18,30,26,26,30,22,31,17,23,32,23,24,30,27,26,25,22,27,28,28,18,27,23,28,29,25,30,20,25,32,22,23,30,24,25,28,25,23,28,29,19,25,23,28,29,34,38,26,27,26,33,33,31,31,28,28,29,31,28,42,21,40,37,27,25,20,23,17,23,32,21,20,27,19,24,23,24,22,21,24,15,26,20,22,22,25,30,17,18,29,22,20,24,25,23,27,24,25,26,29,17,25,22,27
(200;5;30),5,33,25,29,36,29,27,51,36,33,32,40,43,31,23,43,32,34,43,32,34,42,36,22,38,29,30,49,31,28,25,31,46,32,25,38,38,29,37,38,27,38,35,27,37,28,27,47,33,29,27,28,42,43,21,40,38,41,35,43,30,34,32,32,55,40,38,47,56,45,34,33,57,47,39,58,40,53,41,39,44,30,18,21,33,24,24,32,23,26,24,26,30,32,24,25,28,31,22,26,25,35,36,28,34,29,34,43,32,27,22,32,42,35,22,37,32,39,33,33,23
(200;5;40),5,45,40,29,43,53,37,36,49,41,46,39,40,37,48,61,45,53,43,44,45,34,54,24,48,49,30,29,43,45,41,44,44,34,50,53,41,56,47,46,38,31,57,31,54,48,32,33,50,40,46,43,43,36,50,51,41,55,47,43,44,43,50,30,48,53,44,37,52,51,63,55,42,66,61,62,62,66,41,69,51,23,42,22,36,47,29,28,39,39,28,31,36,33,36,33,38,44,44,44,34,34,50,27,43,46,25,38,46,42,39,41,41,37,45,35,46,49,38,40,40
(200;5;50),5,52,46,49,49,47,49,53,49,46,35,35,41,44,46,38,44,42,56,56,42,47,41,48,48,53,35,35,57,51,50,50,49,38,57,35,49,55,61,54,57,51,41,47,44,53,44,34,51,49,51,51,49,43,57,42,44,58,61,62,54,57,56,62,52,68,52,64,60,49,53,43,53,50,61,39,61,46,71,63,43,38,32,42,38,50,37,32,44,46,45,35,42,35,43,33,45,40,48,51,36,41,39,47,39,53,45,38,52,50,42,40,46,39,54,47,49,45,61,46,50
(500;5;30),5,80,56,62,74,92,58,72,62,46,74,65,43,74,101,60,66,57,51,59,65,81,81,58,80,113,82,92,67,43,63,82,47,84,96,49,70,61,78,59,69,96,77,63,75,90,88,95,70,43,63,80,48,81,87,55,74,64,70,63,85,90,65,97,102,104,86,90,82,63,100,71,64,88,105,76,90,59,76,72,85,63,34,55,50,79,54,72,43,41,56,47,40,61,58,40,62,44,48,45,57,79,57,60,66,93,67,98,54,46,63,72,51,96,79,52,65,51,67,67,53
(500;5;40),5,83,98,90,91,86,103,101,73,81,86,99,80,96,85,71,81,110,80,110,71,83,91,91,85,98,105,73,79,70,100,127,69,84,84,93,97,101,101,93,86,98,85,98,90,89,98,69,89,73,97,114,75,78,98,92,90,104,99,116,99,100,139,116,127,114,89,110,88,100,107,132,111,126,89,85,92,102,97,96,87,69,79,79,76,82,78,63,64,57,91,99,60,68,80,64,63,82,73,79,76,89,81,98,85,89,95,50,77,66,98,106,78,75,102,83,78,99,94,114,91
(500;5;50),5,98,96,79,88,103,98,63,99,115,95,106,99,90,79,105,116,76,94,115,107,93,136,112,113,129,110,121,92,111,115,125,132,104,98,109,127,129,99,118,95,120,125,115,109,133,113,126,94,122,114,117,130,110,97,122,134,130,97,120,103,126,147,96,104,132,131,83,110,155,104,123,108,118,94,108,109,87,117,124,128,90,97,64,96,87,94,82,86,97,83,95,97,87,71,92,102,90,77,85,75,101,112,110,103,108,124,88,99,112,109,106,124,109,91,106,106,85,99,112,104
(50;10;30),10,28,23,31,36,28,29,33,28,31,30,37,31,33,40,27,27,29,39,30,32,28,27,25,38,27,28,34,25,29,22,31,29,36,38,20,30,28,31,37,28,25,24,26,38,27,28,36,25,33,22,34,30,38,36,22,33,28,32,39,25,31,26,27,36,35,30,29,32,29,31,25,29,31,42,23,28,22,39,30,37,26,20,23,32,25,21,23,22,23,22,30,23,27,31,18,27,19,28,21,25,28,21,22,36,21,23,29,24,29,22,31,26,31,36,20,29,25,33,36,24
(50;10;40),10,33,36,29,39,28,30,33,33,29,38,35,31,30,26,33,35,32,33,37,37,37,32,27,36,28,31,32,36,29,33,33,24,29,32,36,29,26,25,33,30,38,34,31,32,27,31,30,36,31,32,33,21,27,33,35,30,27,23,40,33,33,38,36,35,30,24,37,33,36,33,35,33,29,30,30,34,33,31,37,32,35,23,26,30,32,28,25,26,24,34,27,23,23,28,32,27,24,23,30,31,36,29,27,34,30,31,30,32,31,37,30,22,27,28,33,30,24,26,33,31
(50;10;50),10,31,34,33,34,34,30,30,30,32,35,29,32,25,28,33,28,34,35,35,33,25,32,28,29,32,30,33,26,33,31,32,31,34,27,37,32,34,40,30,32,26,34,31,30,31,31,35,26,32,35,29,33,36,27,33,32,34,36,32,31,33,36,31,32,39,36,30,34,36,36,33,36,29,31,33,33,35,35,37,36,24,32,31,21,33,26,28,23,27,31,28,28,24,23,28,27,30,35,32,27,22,31,28,27,32,33,32,27,28,30,30,30,31,26,31,34,32,37,32,30
(100;10;30),10,50,44,49,46,57,59,49,62,44,59,45,65,56,47,53,47,55,54,43,47,35,46,48,46,72,60,62,52,56,52,63,62,71,49,60,56,52,60,70,46,39,49,47,51,76,60,62,49,53,54,61,60,69,41,57,58,52,62,70,43,49,47,59,61,62,56,52,71,66,57,41,70,53,50,58,58,59,52,45,42,39,32,39,41,37,44,44,46,44,47,29,55,52,34,38,40,43,46,31,30,38,38,51,48,57,62,54,50,53,53,44,53,68,38,55,52,60,53,53,49
(100;10;40),10,54,52,65,63,55,54,62,69,57,57,51,62,55,47,59,55,56,45,56,55,59,66,62,67,57,57,62,59,61,62,62,71,44,49,49,59,56,45,68,63,61,66,66,66,48,64,59,57,55,61,64,64,44,49,53,56,61,50,71,61,53,52,75,66,50,76,63,69,47,59,56,56,67,56,55,60,53,50,58,64,49,51,51,58,45,58,48,57,39,54,52,50,40,46,43,47,48,39,57,40,65,66,60,68,62,65,59,53,44,60,54,66,42,48,45,61,47,55,66,55
(100;10;50),10,59,58,57,50,59,63,65,50,71,55,66,66,44,61,64,51,56,64,71,46,55,68,62,59,58,64,62,46,56,67,66,64,56,69,65,65,57,57,68,61,55,67,58,63,59,62,67,46,64,63,64,64,52,69,63,64,63,61,68,64,72,61,57,63,70,62,65,55,62,55,71,66,50,65,65,51,60,64,75,49,52,54,52,60,45,59,60,39,59,49,61,46,39,57,58,47,53,52,62,49,57,59,56,61,60,65,62,51,62,58,65,57,54,66,65,60,66,61,60,56
(200;10;30),10,83,82,113,92,97,80,97,96,85,87,77,106,92,90,73,90,104,77,100,81,103,70,91,118,110,111,105,112,97,119,81,127,119,94,110,110,98,99,111,104,107,71,94,114,112,115,107,114,98,122,83,105,119,99,106,114,102,108,109,103,86,85,144,93,86,83,109,97,87,92,93,104,92,94,85,87,77,78,90,93,68,55,68,73,55,50,75,65,60,60,64,71,63,67,81,62,57,68,64,64,100,76,75,112,77,95,107,90,78,80,81,103,110,89,83,80,76,70,96,104
(200;10;40),10,90,95,81,89,100,91,107,76,93,106,111,111,99,125,102,124,106,86,91,108,108,116,113,103,106,103,112,124,112,93,126,131,103,123,113,111,119,90,96,109,111,121,118,102,107,106,113,114,110,97,125,130,107,131,110,118,118,101,93,109,101,89,82,89,112,121,111,73,112,107,102,124,110,117,97,127,106,94,96,99,72,58,69,61,83,82,89,73,66,80,96,93,92,99,81,89,88,75,85,85,93,100,103,98,107,107,101,98,105,84,105,128,106,128,119,102,109,100,93,103
(200;10;50),10,88,114,110,117,114,87,108,92,98,94,130,89,107,98,92,112,89,105,105,119,116,110,129,114,117,118,123,120,105,126,119,105,133,91,106,123,119,110,96,115,119,104,135,113,122,119,119,118,104,136,119,110,134,95,113,123,120,112,107,114,114,115,122,132,125,107,123,95,123,94,140,100,116,112,98,110,79,101,121,131,81,89,85,114,99,91,103,82,96,83,108,66,99,85,75,105,76,91,82,102,117,109,125,116,112,109,121,100,110,107,121,108,120,106,106,118,100,110,122,116
(500;10;30),10,169,228,214,190,242,181,190,212,197,228,183,198,180,221,213,198,114,201,190,207,271,239,273,195,224,228,270,272,278,282,273,255,228,226,271,210,222,238,246,279,270,225,268,204,252,256,266,277,275,291,263,255,225,254,286,248,209,225,253,278,175,215,217,216,204,180,189,175,187,218,196,189,201,230,191,201,132,188,246,170,117,140,169,133,165,148,164,159,167,148,137,156,119,146,163,107,97,142,137,153,206,211,231,165,229,226,251,245,253,246,238,200,177,250,262,191,177,226,247,245
(500;10;40),10,209,198,225,237,219,239,178,181,235,213,212,212,217,285,220,192,194,262,263,189,266,268,253,303,243,249,274,268,298,277,227,260,217,268,262,290,289,299,292,279,261,266,261,257,262,258,233,277,311,301,258,239,238,261,287,281,263,293,288,296,213,212,180,189,216,248,245,193,286,225,203,229,241,258,250,239,217,264,251,237,191,170,178,195,168,167,164,141,237,208,151,201,170,187,196,157,178,199,217,197,260,236,249,243,228,245,206,268,282,299,240,254,212,246,289,250,291,291,282,266
(500;10;50),10,215,263,196,230,224,280,267,288,238,203,236,211,284,189,197,242,279,227,223,223,271,276,277,313,289,285,280,287,289,291,305,298,284,257,285,296,301,273,253,225,254,256,268,305,298,277,280,306,271,306,279,300,284,254,281,292,278,261,284,224,225,287,264,270,214,296,249,302,266,251,247,227,277,179,215,240,291,280,246,256,153,243,205,250,190,226,209,210,195,173,219,174,249,138,184,246,258,215,188,146,221,272,262,300,281,291,255,291,258,253,265,287,284,173,297,294,286,268,294,238
